Товар;"ID варианта";Вариант;Цена;"ID валюты";"Старая цена";"Заголовок страницы";"Ключевые слова";"Описание страницы";Аннотация;Описание;Age;Material;Camera
"Автокресло Bebe Confort Opal";151;;0.00;2;500.00;"Автокресло Bebe Confort Opal";;;"<p>Автокресло с поворотным сиденьем для более продолжительного использования.</p>";"<p>Автокресло с поворотным сиденьем для более продолжительного использования. Переустановка положений происходит одним движением руки, вращением автокресла на своем основании. Сиденье подходит для двух групп: 0+ - спиной к дороге и 1 - лицом к дороге. Боковая защита Safe Side предохраняет голову малыша при боковых столкновениях. Внутренние 5-точечные ремни безопасности быстро и удобно регулируются по росту ребенка. Размеры: ширина регулируется от 40 до 50 см. Высота регулируется от 60 до 76 см. Варианты цвета: Total Black, Intense Red, Deep Blue, Brown Earth, Steel Gray, Marble Pink, Dark Olive.</p>";"3-6 years old";Cloth;no
"Пеленальный столик Cam Nuvola";150;;349.05;2;;"Пеленальный столик Cam Nuvola";;;"<p>Пеленальный столик с ванночкой для купания. Система безопасности предотвращающая произвольное складывание. Две полочки для детских вещей. Изделие предназначено для детей от 0 до 12 месяцев. Различная цветовая гамма.</p>";"<p>Пеленальный столик с ванночкой для купания. Система безопасности предотвращающая произвольное складывание. Две полочки для детских вещей. Изделие предназначено для детей от 0 до 12 месяцев. Различная цветовая гамма.</p>";"From birth";"Plastic. Cloth";no
"Детские качели GRACO Swing'n'bounce";149;;498.55;2;;"Детские качели GRACO Swing'n'bounce";;;"<p>Уникальная модель 2-в-1: качели + кресло качалка.</p>";"<p>Уникальная модель 2-в-1: качели + кресло качалка. 6 скоростей для использования в качестве качелей. 2 скорости для спокойного покачивания в кресле качалке. 3 положения наклона кресла. Снимаемый подголовник. Движущаяся карусель с 3 плюшевыми игрушками. Электронный блок с музыкой, звуками природы, таймер для автоматического отключения. Цвета: deimos, venus, greta.</p>";"3-6 years old";"Plastic. Cloth";"Ability to separate installation"
"Детские качели GRACO Sweetpeace";148;;754.00;2;;"Детские качели GRACO Sweetpeace";;;"<p>Детские качели для детей с рождения.</p>";"<p>Детские качели для детей с рождения. Качели копируют движение при укачивании ребёнка на руках (в трёх разных направлениях), три положения спинки, 6 скоростей, съёмное сидение, набор различных мелодий и возможность подключения МР3 плеера, две скорости вибрации, ремни безопасности, регулируемый капор.</p>";;;
"Цифровой видеомонитор Philips AVENT SCD60000";147;;758.55;2;;"Цифровой видеомонитор Philips AVENT SCD60000";;;"<p>Автоматический выбор канала для конфиденциального соединения.</p>";"<p>Автоматический выбор канала для конфиденциального соединения. Система инфракрасного ночного видения для круглосуточного наблюдения. Успокаивающие колыбельные и ночник. Высокое разрешение, цветной экран 61 мм. Беспроводной портативный родительский блок. Цифровое подтверждение сигнала и световая индикация уровня звука. Автоматическое включение экрана с регуляторами яркости и звука. Родительский блок на аккумуляторах. Диапазон действия: 150 м. Клипса для крепления к поясу.</p>";;;
"Стульчик для кормления Peg-Perego Prima Pappa Best";146;;663.00;2;;"Стульчик для кормления Peg-Perego Prima Pappa Best";;;"<p>Стульчик раcсчитан на малыша до трех лет.</p>";"<p>Стульчик раcсчитан на малыша до трех лет. Моющееся сидение изготовлено из кожа заменителя, корпус пластмассовый, регулируемая подножка, стопора на колесах, большая устойчивость. Пятиточечные ремни безопасности и анатомическая вставка для разделения ног удерживают ребенка в надежном и безопасном положении.</p>";;;
"Бюстгальтер Velmont 5104";143;Белый;65.00;2;;"Бюстгальтер Velmont 5104";;;"<p>Бюстгальтер Velmont 5104 привлекает внимание оригинальностью расцветки и отделки.</p>";"<p>Бюстгальтер Velmont 5104 привлекает внимание оригинальностью расцветки и отделки. Бюстгальтер на регулируемых тонких лямках, глубокая удобная чашка, идеально поддерживающая грудь. Удобен в носке на каждый день, идеально подходит для открытых сарафанов и прозрачных топов.</p>";;;
"Бюстгальтер Velmont 3804";144;Черный;65.00;1;;"Бюстгальтер Velmont 3804";;;"<p>Бюстгальтер Velmont 3804 &ndash; удобный бюстгальтер на регулируемых тонких лямках.</p>";"<p>Бюстгальтер Velmont 3804 &ndash; удобный бюстгальтер на регулируемых тонких лямках. Легкая отделка кружевом, четный цвет, он привлекает внимание классической простотой. Удобная, мягкая чашечка идеально поддержит Вашу грудь. Бюстгальтер подходит к носке на каждый день.</p>";;;
"Бюстгальтер Velmont 3804";145;Белый;65.00;3;;"Бюстгальтер Velmont 3804";;;"<p>Бюстгальтер Velmont 3804 &ndash; удобный бюстгальтер на регулируемых тонких лямках.</p>";"<p>Бюстгальтер Velmont 3804 &ndash; удобный бюстгальтер на регулируемых тонких лямках. Легкая отделка кружевом, четный цвет, он привлекает внимание классической простотой. Удобная, мягкая чашечка идеально поддержит Вашу грудь. Бюстгальтер подходит к носке на каждый день.</p>";;;
"Бюстгальтер Velmont 3404";138;Лиловый;31.00;2;;"Бюстгальтер Velmont 3404";;;"<p>Бюстгальтер Velmont 3404 – эффектный бюстгальтер. Тонкие, регулируемые лямки,</p>";"<p>Бюстгальтер Velmont 3404 – эффектный бюстгальтер. Тонкие, регулируемые лямки, удобная чашка, кружевная отделка, Ваша грудь будет сексуально выглядеть в этом бюстгальтере. Удобен в носке и подходит как на каждый день, так и под вечернее платье.</p>";;;
"Бюстгальтер Velmont 3404";139;Черный;29.00;2;;"Бюстгальтер Velmont 3404";;;"<p>Бюстгальтер Velmont 3404 – эффектный бюстгальтер. Тонкие, регулируемые лямки,</p>";"<p>Бюстгальтер Velmont 3404 – эффектный бюстгальтер. Тонкие, регулируемые лямки, удобная чашка, кружевная отделка, Ваша грудь будет сексуально выглядеть в этом бюстгальтере. Удобен в носке и подходит как на каждый день, так и под вечернее платье.</p>";;;
"Бюстгальтер Velmont 3404";140;Бирюзовый;30.00;2;;"Бюстгальтер Velmont 3404";;;"<p>Бюстгальтер Velmont 3404 – эффектный бюстгальтер. Тонкие, регулируемые лямки,</p>";"<p>Бюстгальтер Velmont 3404 – эффектный бюстгальтер. Тонкие, регулируемые лямки, удобная чашка, кружевная отделка, Ваша грудь будет сексуально выглядеть в этом бюстгальтере. Удобен в носке и подходит как на каждый день, так и под вечернее платье.</p>";;;
"Бюстгальтер Velmont 4702";141;Белый;63.05;2;;"Бюстгальтер Velmont 4702";;;"<p>Бюстгальтер Velmont 4702 – комфортный бюстгальтер на регулируемых тонких лямках.</p>";"<p>Бюстгальтер Velmont 4702 – комфортный бюстгальтер на регулируемых тонких лямках. Черный атлас, удобная чашка, бюстгальтер привлекает внимание эффектной простотой. Идеально поддержит Вашу грудь, удобен в носке на каждый день.</p>";;;
"Бюстгальтер Velmont 4702";142;Черный;63.05;2;;"Бюстгальтер Velmont 4702";;;"<p>Бюстгальтер Velmont 4702 – комфортный бюстгальтер на регулируемых тонких лямках.</p>";"<p>Бюстгальтер Velmont 4702 – комфортный бюстгальтер на регулируемых тонких лямках. Черный атлас, удобная чашка, бюстгальтер привлекает внимание эффектной простотой. Идеально поддержит Вашу грудь, удобен в носке на каждый день.</p>";;;
"Спортивный костюм HOOD";137;;195.00;2;;"Спортивный костюм HOOD";;;"<p>100% хлопок</p>";"<p>100% хлопок</p>";;;
"Велюровый спортивный костюм с юбкой";136;;248.95;2;;"Велюровый спортивный костюм с юбкой";;;"<p>Спортивный костюм с юбкой. Разнообразие цветов поможет выбрать именно тот, который подойдёт именно вам!</p>";"<p>Спортивный костюм с юбкой. Разнообразие цветов поможет выбрать именно тот, который подойдёт именно вам!</p>";;;
"Комбинезон Redial под джинс 2";135;;238.55;2;;"Комбинезон Redial под джинс 2";;;"<p>Комбинезон Redial под джинс 2 – откровенный и элегантный. Глубокое декольте открывает соблазнительную грудь. Привлекает внимание красиво оголенная спина. Очень интригующе смотрятся пуговички и отложной воротничок. Комбинезон плотно и сексуально облегает фигуру, подчеркивая все ее достоинства</p>";"<p>60% хлопок, 35% полиэстер, 5% спандекс</p><p>Комбинезон Redial под джинс 2 – откровенный и элегантный. Глубокое декольте открывает соблазнительную грудь. Привлекает внимание красиво оголенная спина. Очень интригующе смотрятся пуговички и отложной воротничок. Комбинезон плотно и сексуально облегает фигуру, подчеркивая все ее достоинства</p>";;;
"Вязаное платье с нарядным воротничком";134;;195.00;2;;"Вязаное платье с нарядным воротничком";;;"<p>Это отличное вязаное платье с шикарным воротником</p>";"<p>Это отличное вязаное платье с шикарным воротником</p><p>А сборка в области талии подчеркнёт все прелести вашей фигуры.</p>";;;
"Платье Зебра с оригинальным ремнем";133;;183.95;2;;"Платье Зебра с оригинальным ремнем";;;"<p>Красивое платье для работы и отдыха из плотного стрейч-трикотажа.</p><p>Высококачественный плотный трикотаж с добавлением эластана делает платье комфортным и удобным в носке.</p>";"<p>Красивое платье для работы и отдыха из плотного стрейч-трикотажа.</p><p>Высококачественный плотный трикотаж с добавлением эластана делает платье комфортным и удобным в носке.</p><p>Оригинальный ремень и необычная расцветка покажут Вашу индивидуальность и стиль.</p><p>Параметры модели: рост 176см, ОГ - 88см, ОТ -65 см, ОБ-94 см.</p>";;;
"Коктейльное платье Strass Buck";132;;227.50;2;;"Коктейльное платье Strass Buck";;;"<p>95% полиэстер, 5% спандекс</p>";"<p>95% полиэстер, 5% спандекс</p>";;;
"Коктейльное платье Tulpan";131;;260.00;2;;"Коктейльное платье Tulpan";;;"<p>97% полиэстер, 5% эластан</p>";"<p>97% полиэстер, 5% эластан</p>";;;
"Цифровая фоторамка Transcend PF705";130;;157.95;2;;"Цифровая фоторамка Transcend PF705";;;"<p>Широкоэкранная цветная TFT LCD панель с диагональю 7 дюймов и отношением сторон 16:9.</p>";"<p>Широкоэкранная цветная TFT LCD панель с диагональю 7 дюймов и отношением сторон 16:9. Поддержка USB флэш-накопителей и карт памяти SD/SDHC/MMC/MS Полная совместимость с интерфейсом Hi-Speed USB 2.0 и обратная совместимость с USB 1.1. Прямое подключение к ПК с помощью USB для простого обмена файлами. Выбор различных фотографий для создания слайдшоу. Возможность просмотра изображений в режиме слайд-шоу, в режиме пиктограмм, в обычномрежиме, а также возможность увеличения изображения. Функция напоминаний о важных датах/событиях. Функции календаря и часов. Автоматическое выключение и таймер для перехода в неактивный режим. Возможность выбора цветовых режимов. Цвета: белый, черный.</p>";;;
"Цифровая фоторамка Sony DPF-A710";129;;238.55;2;;"Цифровая фоторамка Sony DPF-A710";;;"<p>Цифровая фоторамка с 7-дюймовым широкоформатным ЖК-экраном со светодиодной подсветкой обеспечивает четкое и детализированное отображение фотографий.</p>";"<p>Цифровая фоторамка с 7-дюймовым широкоформатным ЖК-экраном со светодиодной подсветкой обеспечивает четкое и детализированное отображение фотографий. Встроенная память 128 МБ позволяет хранить до 200 фотографий. Большой выбор настроек слайд-шоу, разные варианты оформления часов и календаря, функции поиска фотографий по папкам, событиям и тегам пользователя. Интеллектуальный сенсор поворачивает изображение при изменении положения рамки. Оснащена пультом дистанционного управления.</p>";;;
"Вспышка Nikon Speedlight SB-900";128;;1148.55;2;;"Вспышка Nikon Speedlight SB-900";;;"<p>Профессиональная вспышка i-TTL, совместимая с зеркальными фотокамерами.</p>";"<p>Профессиональная вспышка i-TTL, совместимая с зеркальными фотокамерами. Три шаблона освещения: центрально-взвешенный, равномерный и стандартный. Набор усовершенствованных функций. Система термальной защиты, автоматическое определение фильтра.</p>";;;
"Вспышка Canon Speedlite 580EX II";127;;1343.55;2;;"Вспышка Canon Speedlite 580EX II";;;"<p>Вспышка для любых погодных условий.</p>";"<p>Вспышка для любых погодных условий. Управление с помощью меню фотокамеры. Надёжная конструкция защищает детали вспышки от попадания пыли и влаги при съёмке с выносной колодкой. Бесшумный и быстрый перезаряд.</p>";;;
"Объектив Canon EF 70-200 f 4L USM";126;;1678.95;2;;"Объектив Canon EF 70-200 f 4L USM";;;"<p>Телеобъектив с постоянной светосилой. Модель выполнена в прочном, пыле- и влагозащитном корпусе.</p>";"<p>Телеобъектив с постоянной светосилой. Модель выполнена в прочном, пыле- и влагозащитном корпусе. Диафрагма объектива с круглым отверстием позволяет получать привлекательный эффект размытого фона. Оптическая схема объектива включает 13 линз в 16 группах. В числе элементов имеются две линзы из низкодисперсионного стекла UD и одна флюоритовая. Такая конструкция обеспечивает превосходное качество изображения с минимальным уровнем аберраций при любом значении фокусного расстояния. Многослойное просветление Super Spectra. Фокусировка осуществляется при помощи кольцевого ультразвукового мотора USM.</p>";;;
"Объектив Canon EF 50 mm f1.8 II";125;;287.95;2;;"Объектив Canon EF 50 mm f1.8 II";;;"<p>Стандартный объектив с постоянным фокусным расстоянием.</p>";"<p>Стандартный объектив с постоянным фокусным расстоянием. Компактный и легкий, обеспечивает отличное качество изображения при светосиле, превосходящей возможности любого объектива с переменным фокусным расстоянием. Классическая оптическая схема. Система автофокусировки базируется на встроенном микромоторе.</p>";;;
"Объектив Canon EF-S 18-55mm f3.5-5.6 IS";124;;260.00;2;;"Объектив Canon EF-S 18-55mm f3.5-5.6 IS";;;"<p>Стандартный объектив общего назначения с 4-ступенчатым стабилизатором изображения, который помогает добиться значительно лучших результатов в условиях слабой освещенности.</p>";"<p>Стандартный объектив общего назначения с 4-ступенчатым стабилизатором изображения, который помогает добиться значительно лучших результатов в условиях слабой освещенности. Изготовлен на основе профессиональной оптики, с использованием асферического элемента. Подходит для съёмки без штатива при различном освещении. Минимальное расстояние фокусировки объектива составляет всего 25 см при любом увеличении, обеспечивая возможность макросъёмки.</p>";;;
"Штатив Rekam RT-L38";123;;175.50;2;;"Штатив Rekam RT-L38";;;"<p>Напольный штатив для фото- и видеокамер.</p>";"<p>Напольный штатив для фото- и видеокамер. Корпус выполнен из металла серебристого цвета, ручка для переноса, механический подъемник, крюк для сумки, панорамная 3-D головка.</p>";;;
"Штатив Hama Traveller Mini H-4048";122;;130.00;0;;"Штатив Hama Traveller Mini H-4048";;;"<p>Компактный штатив-треножник для фото/видеокамер и микрофонов. Шаровая головка. Вес 215 г.</p>";"<p>Компактный штатив-треножник для фото/видеокамер и микрофонов. Шаровая головка. Вес 215 г.</p>";;;
"Цифровой фотоаппарат Nikon Coolpix S1100pj";121;;888.55;0;;"Цифровой фотоаппарат Nikon Coolpix S1100pj";;;"<p>Цифровая тонкая фотокамера с разрешением 14,1 мегапикселей. Широкоугольный объектив NIKKOR с 5-кратным увеличением обеспечивает потрясающе точную передачу деталей и высокое разрешение.</p>";"<p>Цифровая тонкая фотокамера с разрешением 14,1 мегапикселей. Широкоугольный объектив NIKKOR с 5-кратным увеличением обеспечивает потрясающе точную передачу деталей и высокое разрешение. (Эквивалент формата 35 мм для пленочных фотокамер: 28 – 140 мм). Встроенный проектор позволяет проецировать избранные фотографии или видеоклипы. Поддержка ярких (до 14 люмен) проекций качества VGA на экране размером от 26 до 240 см (от 5 до 47 дюймов). Проецирование изображений с ПК или карты памяти. Гибридное VR (смещение объектива и электронное подавление вибраций). Сенсорный ЖК экран с диагональю 7,6 см (3 дюйма), разрешением 460 тыс. точек. Яркие видеоклипы высокой четкости в формате 720р HD. 17 сюжетных режимов. Варианты расцветок - желтый, сиреневый, черный, серый.</p>";;;
"Цифровая фотокамера Olympus PEN E-P3";120;;3791.45;0;;"Цифровая фотокамера Olympus PEN E-P3";;;"<p>Компактная камера в металлическом корпусе. Сенсорный OLED-дисплей с диагональю 3 дюйма.</p>";"<p>Компактная камера в металлическом корпусе. Сенсорный OLED-дисплей с диагональю 3 дюйма. Live MOS сенсор с разрешением 12.3 Мегапикселей. FAST автофокус (Frequency Acceleration Sensor Technology). Full HD-видео со стерео звуком, регулируемой глубиной резкости и художественными фильтрами. Графический процессор TruePic VI. Цвета: черный, белый, серебристый.</p>";;;
"Сауна для лица Panasonic EH 2424";119;;325.00;2;;"Сауна для лица Panasonic EH 2424";;;"<p>Ионизирующий вапоризатор для очищения и увлажнения глубоких слоев кожного покрова.</p>";"<p>Ионизирующий вапоризатор для очищения и увлажнения глубоких слоев кожного покрова. Очищение и увлажнение глубоких слоев эпидермиса с помощью наночастиц ионизированного пара. Непрерывная работа при однократном заполнении резервуара водой – 12 ми</p>";;;
"Сауна для лица Panasonic EH 2513";118;;108.55;2;;"Сауна для лица Panasonic EH 2513";;;"<p>Вакуумный очиститель пор с функцией микроспрея для более эффективной очистки кожи. 2 режима работы (влажный и обычный). Непрерывная работа от аккумулятора - 20 минут. Мощность вакуумного давления: 50кПа.</p>";"<p>Вакуумный очиститель пор с функцией микроспрея для более эффективной очистки кожи. 2 режима работы (влажный и обычный). Непрерывная работа от аккумулятора - 20 минут. Мощность вакуумного давления: 50кПа.</p>";;;
"Плойка Valera DIGICURL 641.19";117;;157.95;2;;"Плойка Valera DIGICURL 641.19";;;"<p>Плойка с цифровым управлением для завивки волос.</p>";"<p>Плойка с цифровым управлением для завивки волос. Диаметр: 19 мм. Керамический слой. Антибактериальное действие NANO-SILVER. Цифровой дисплей. Максимальная температура 190°C. Гибкий поворотный кабель 3 м. Пластиковый наконечник.</p>";;;
"Стайлер Braun Satin Hair 5 ESW";116;;195.00;2;;"Стайлер Braun Satin Hair 5 ESW";;;"<p>Стайлер для выпрямления волос. Подвижные керамические пластины NanoGlide поддерживают здоровье кутикулы.</p>";"<p>Стайлер для выпрямления волос. Подвижные керамические пластины NanoGlide поддерживают здоровье кутикулы. Точная регулировка температуры для бережной укладки (от 130°C до 200°C с шагом в 5°C). Формирователь локонов. Температурный дисплей. Автоматическое отключение через 30 минут.</p>";;;
"Выпрямитель для волос Braun ES2";115;;227.50;2;;"Выпрямитель для волос Braun ES2";;;"<p>Керамическое покрытие насадок. Индикатор остаточного нагрева.</p>";"<p>Керамическое покрытие насадок. Индикатор остаточного нагрева. Индивидуальные настройки режима укладки. Защита от перегрева. Максимальная температура нагрева 200 С. Мощность 140 Вт.</p>";;;
"Щипцы Moser SalonStyle 4463-0050";114;;273.00;2;;"Щипцы Moser SalonStyle 4463-0050";;;"<p>Щипцы для выпрямления волос. Мощность: 45 Вт.</p>";"<p>Щипцы для выпрямления волос. Мощность: 45 Вт. Ударопрочный корпус из термопластика. Подкругленный корпус для завивки волос. Плавающие пластины. Керамико-турмалиновое покрытие пластин. 6 температурных режимов (от 130 до 230 гр). LED-индикаторы работы. Автоотключение через 30 мин. Шнур питания с вращающимся шарниром и петлей для подвешивания. Защита от перегрева.</p>";;;
"Электробигуди Philips HP4611";113;;130.00;2;;"Электробигуди Philips HP4611";;;"<p>12 бигуди в комплекте для создания блестящих локонов.</p>";"<p>12 бигуди в комплекте для создания блестящих локонов. 4 бигуди с керамическим покрытием для создания объемных локонов. Индикатор готовности к работе. 12 металлических зажимов, 4 зажима-краба. Система SalonRollers Pro нагревает все бигуди одновременно, обеспечивая быстрый и равномерный нагрев.</p>";;;
"Электробигуди Remington KF40E";112;;144.95;2;;"Электробигуди Remington KF40E";;;"<p>Термобигуди с тефлоновым покрытием и функцией ионного кондиционирования.</p>";"<p>Термобигуди с тефлоновым покрытием и функцией ионного кондиционирования. Имеют восковую середину и бархатное покрытие. 4 штуки диаметром 20 мм, 10 штук диаметром 22 мм, 6 штук диаметром 25 мм. Время нагрева - 10 минут. Подставка для нагревания и зажимы для волос в комплекте. Два варианта цвета.</p>";;;
"Фен Valera Swiss Nano 9200 Ionic Tourmaline Rotocord";111;;266.50;2;;"Фен Valera Swiss Nano 9200 Ionic Tourmaline Rotocord";;;"<p>Фен мощностью 2000 Вт. 6 комбинаций температуры и скорости воздушного потока.</p>";"<p>Фен мощностью 2000 Вт. 6 комбинаций температуры и скорости воздушного потока. Независимая регулировка нагрева и воздушного потока. Подача холодного воздуха. Ионизация. Срок службы: 2000 часов. Вес без кабеля: 540 гр. Гибкий кабель 3 м с устройством Rotocord (вращение шнура вокруг своей оси).</p>";;;
"Фен-расческа Braun Steam & Style ASS 1000";110;;180.05;2;;"Фен-расческа Braun Steam & Style ASS 1000";;;"<p>Мощный стайлер с управлямой подачей пара.</p>";"<p>Мощный стайлер с управлямой подачей пара. Мягкая укладка и длительный результат. Идеален для укладки влажных волос и корректировки прически на сухих волосах, для создания локонов и волн, создания объема. 3 ступени мощности потока воздуха. Насадка для создания крупных локонов и волн. Насадка для мелкой и средней завивки. Насадка для подъема волос и создания объема от самых корней. Цвет сиреневый матовый.</p>";;;
"Гидромассажная ванна для ног BEURER FB25";109;;193.05;2;;"Гидромассажная ванна для ног BEURER FB25";;;"<p>Гидромассажная ванночка для ног с механическим управлением и тремя режимами работы.</p>";"<p>Гидромассажная ванночка для ног с механическим управлением и тремя режимами работы. 16 встроенных магнитов. Вибрационный массаж, вихревой массаж. Дополнительная функция: поддержание температуры воды.</p>";;;
"Электробритва PHILIPS RQ 1095";108;;801.45;2;;"Электробритва PHILIPS RQ 1095";;;"<p>Электробритва с ЖК-дисплеем. Бритвенный блок.</p>";"<p>Электробритва с ЖК-дисплеем. Бритвенный блок. Индикатор необходимости замены бритвенного блока. Быстрая зарядка. Дорожная блокировка. Индикация очистки. Полированный стальной корпус. Отсутствие вибраций. Антикоррозийное покрытие головок. Можно мыть под водой и бриться с пеной. Система Flex & Pivot: три гибкие головки, вращающиеся в разных направления. Система Lift & Cut.</p>";;;
"Электронные напольные весы BOSCH PPW 3300";107;;118.95;2;;"Электронные напольные весы BOSCH PPW 3300";;;"<p>Электронные весы AxxenceSlim Line. Ультратонкие, высота 17мм с большим дисплеем - 38 мм. Цвет белый.</p>";"<p>Электронные весы AxxenceSlim Line. Ультратонкие, высота 17мм с большим дисплеем - 38 мм. Цвет белый.</p>";;;
"Напольные весы Beurer GS21 Mauritius";106;;141.05;2;;"Напольные весы Beurer GS21 Mauritius";;;"<p>Напольные весы со стеклянной платформой с оригинальным дизайном MaterialLine (покрытие из ламината).</p>";"<p>Напольные весы со стеклянной платформой с оригинальным дизайном MaterialLine (покрытие из ламината). Максимальная нагрузка 180 кг. Погрешность измерения 0.1 кг. Автоматическое отключение. Перенастройка единицы измерения: kg (кг)/lb (фунты)/st (стоуны). Размеры (ШхВxД): 33x2.0x32 см.</p>";;;
"Напольные весы Beurer BG55";105;;271.05;2;;"Напольные весы Beurer BG55";;;"<p>Индикация с указанием содержания: жира, воды, мышечной и костной массы тела.</p>";"<p>Индикация с указанием содержания: жира, воды, мышечной и костной массы тела. Атлетический режим. Литиевая батарея в комплекте. Технология Tap-on. Платформа из безопасного прочного стекла.</p>";;;
"Факсимильный аппарат Sharp UX-73";104;;477.10;2;;"Факсимильный аппарат Sharp UX-73";;;"<p>Простой и удобный в эксплуатации факсимильный аппарат с памятью, достаточной для хранения 17 страниц.</p>";"<p>Простой и удобный в эксплуатации факсимильный аппарат с памятью, достаточной для хранения 17 страниц. Факс, копир и телефон, собранные вместе в компактном корпусе. Печать на термобумаге. Скорость модема - до 9,6 Кбит/с. Автоподатчик на 10 листов. Автоматический набор 40 номеров. Автоматическая обрезка бумаги.</p>";;;
"Проводной телефон PANASONIC KX-TS2365RUB";103;;109.20;2;;"Проводной телефон PANASONIC KX-TS2365RUB";;;"<p>Проводной телефон PANASONIC оснащен ЖК-дисплеем с часами, функцией громкая связь, портом для дополнительного оборудования, разъемом для гарнитуры. Однокнопочный набор на 20 номеров и ускоренный набор на 10 номеров экономят время.</p>";"<p>Проводной телефон PANASONIC оснащен ЖК-дисплеем с часами, функцией громкая связь, портом для дополнительного оборудования, разъемом для гарнитуры. Однокнопочный набор на 20 номеров и ускоренный набор на 10 номеров экономят время. Есть кнопка пауза, ограничение и блокировка вызова, возможность регулировать громкость звонка и динамика, мелодия в режиме удержания соединения, выключение микрофона. Возможна установка на стене. Цвет модели - черный.</p>";;;
"IP-телефон D-link DPH-400S";102;;269.75;2;;"IP-телефон D-link DPH-400S";;;"<p>Телефонный аппарат позволяет совершать звонки, используя сеть Интернет или корпоративную сеть вместо традиционной телефонной сети общего пользования.</p>";"<p>Телефонный аппарат позволяет совершать звонки, используя сеть Интернет или корпоративную сеть вместо традиционной телефонной сети общего пользования. При этом голос преобразуется в IP-пакеты и передается по сети. Голос и данные могут одновременно передаваться по одному и тому же каналу связи. Телефон снабжен дополнительным разъемом RJ-45 для подключения к порту Ethernet компьютера или локальной сети (через коммутатор или концентратор Fast Ethernet). Это позволяет разговаривать по IP-телефону во время просмотра Web-страниц, отправки почтовых сообщений и выполнения других сетевых задач. Также DPH-400S можно использовать в локальных сетях с поддержкой Ethernet и протокола IP.</p>";;;
"Проводной телефон LG GS-475 RUS WA";101;;76.70;2;;"Проводной телефон LG GS-475 RUS WA";;;"<p>Тоновый / импульсный набор.Память на 3 номера. Функции: регулировка уровня громкости мелодии звонка; сброс набора или соединения (клавиша FLASH); пауза во время разговора (клавиша PAUSE); повторный набор номера (клавиша REDIAL).</p>";"<p>Тоновый / импульсный набор.Память на 3 номера. Функции: регулировка уровня громкости мелодии звонка; сброс набора или соединения (клавиша FLASH); пауза во время разговора (клавиша PAUSE); повторный набор номера (клавиша REDIAL).</p>";;;
"Блок расширения для AriaSOHO LG-Nortel AR-EKSU";100;;781.95;2;;"Блок расширения для AriaSOHO LG-Nortel AR-EKSU";;;"<p>Блок расширения для ARIA SOHO, подключается внешней шиной к базовому блоку. В блоке расширения есть - 3 внешние линии; 8 внутренних гибридных абонентов (или аналоговых или цифровых); 1 слот для установки дополнительной платы расширения; 1 аварийный датчик; 1 реле общего назначения; 1 схема аварийного переключение при пропадании питания.</p>";"<p>Блок расширения для ARIA SOHO, подключается внешней шиной к базовому блоку. В блоке расширения есть - 3 внешние линии; 8 внутренних гибридных абонентов (или аналоговых или цифровых); 1 слот для установки дополнительной платы расширения; 1 аварийный датчик; 1 реле общего назначения; 1 схема аварийного переключение при пропадании питания.</p>";;;
"Bluetooth гарнитура Nokia BH-903";99;;293.80;2;;"Bluetooth гарнитура Nokia BH-903";;;"<p>Привлекательный дизайн, оснащена дисплеем, который позволяет контролировать музыку.</p>";"<p>Привлекательный дизайн, оснащена дисплеем, который позволяет контролировать музыку. С беспроводной гарнитурой Вы можете: получить отличное качество звука благодаря цифровой обработке сигнала; наслаждаться встроенным FM-радио; управлять музыкой благодаря медиа-клавишам; автоматически переключаться между музыкой и вызовами; слушать музыку или радио и разговаривать до 9 часов после 20 минут зарядки; управлять вызовами; совершать вызовы с гарнитуры через быстрый набор номера на вашем мобильном устройстве.</p>";;;
"Ленточная шлифовальная машина Dewalt DW432";98;;780.65;2;;"Ленточная шлифовальная машина Dewalt DW432";;;"<p>Мощный 800 Вт электродвигатель обеспечивает высокую эффективность шлифования разных материалов.</p>";"<p>Мощный 800 Вт электродвигатель обеспечивает высокую эффективность шлифования разных материалов. Конструкция подошвы из трех роликов обеспечивает лучший контакт шлифленты с обрабатываемой поверхностью. Эффективная система пылеудаления со встроенным пылесборником и возможностью подключения внешнего пылесоса. Две рукоятки для лучшего баланса и контроля.</p>";;;
"Скобозабиватель Metabo Ta E 2019";97;;630.50;2;;"Скобозабиватель Metabo Ta E 2019";;;"<p>Модель для работы со скобами, гвоздями, профильными захватами Metabo.</p>";"<p>Модель для работы со скобами, гвоздями, профильными захватами Metabo. Подходит также для работы со скобами из плоской проволоки. Энергия удара может плавно регулироваться электронным образом. Возможность дополнительного добивания (для скоб и гвоздей). Выступ с выемкой для точного позиционирования. Защита от случайного срабатывания удара.</p>";;;
"Пневмогайковерт Force 82565";96;;1734.85;2;;"Пневмогайковерт Force 82565";;;"<p>Скорость вращения 6000 об/мин, максимальное усилие 1800 Нм, вес 4.4 кг.</p>";"<p>Скорость вращения 6000 об/мин, максимальное усилие 1800 Нм, вес 4.4 кг.</p>";;;
"Миксер электрический Graphite 58G782";95;;380.25;2;;"Миксер электрический Graphite 58G782";;;"<p>Миксер электрический в чемоданчике с мешалкой.</p>";"<p>Миксер электрический в чемоданчике с мешалкой. Мощность 1200 Вт. Патрон M14. Скорость I: 0-580, II: 0-760 об/мин.</p>";;;
"Бензобур Pacme EL-ED1700";94;;564.85;2;;"Бензобур Pacme EL-ED1700";;;"<p>Бензобур мощностью 1.7 кВт. Диаметр бура 150 мм. Возможность установки буров диаметром: 100, 200, 250 мм.</p>";"<p>Бензобур мощностью 1.7 кВт. Диаметр бура 150 мм. Возможность установки буров диаметром: 100, 200, 250 мм.</p>";;;
"Каминный набор №859 кованый (Аксессуары для каминов)";93;;98.80;2;;"Каминный набор №859 кованый (Аксессуары для каминов)";;;"<p>Размер см: 24х28х64 (Ш х Д х В)</p>";"<p>Размер см: 24х28х64 (Ш х Д х В)</p><p>Цвет: Старое золото</p><p>Пр-во: Польша</p>";;;
"Сейф взломостойкий Valberg ASK-46";92;;1084.20;2;;"Сейф взломостойкий Valberg ASK-46";;;"<p>Сейф предназначен для хранения ценных вещей, в том числе и достаточно крупных денежных сумм, как дома, так и в офисе.</p>";"<p>Сейф предназначен для хранения ценных вещей, в том числе и достаточно крупных денежных сумм, как дома, так и в офисе. Сертификация по I классу защиты от взлома. Корпус сейфа имеет трехслойную конструкцию: внешняя стенка, бетон, внутренняя стенка. Стенки сейфа выполнены из стального листа толщиной от 1 до 3 мм. Ключевой 8-сувальдный замок Mauer (Германия). Замок защищен от высверливания специальной твердосплавной пластиной. Сейф оснащен 3-сторонней ригельной системой запирания с тремя никелированными вращающимися ригелями, диаметром 25 мм и одним пассивным ригелем.</p>";;;
"Ортопедический матрас Барро Элит 501 160 x 200";91;;501.15;2;;"Ортопедический матрас Барро Элит 501 160 x 200";;;"<p>Ортопедический классический матрас на основе пружинного блока TFK. Симметричный матрас с традиционной компоновкой пенополиуретана с двух сторон и холстопрошивного ватина. А так же иглопробивным натуральным полотном и по периметру - 40мм пенополиуретаном. Съемный чехол матраса (стеганый жакард).</p>";"<p>Ортопедический классический матрас на основе пружинного блока TFK. Симметричный матрас с традиционной компоновкой пенополиуретана с двух сторон и холстопрошивного ватина. А так же иглопробивным натуральным полотном и по периметру - 40мм пенополиуретаном. Съемный чехол матраса (стеганый жакард).</p>";;;
"Манеж BERTONI ARENA 2+ уровня";90;;261.95;2;;"Манеж BERTONI ARENA 2+ уровня";;;"<p>2 уровня: для сна и игры. Собирается до компактного размера. Легко переносить. Игрушка для ребёнка. Размеры: 120x60x77 см. Варианты цветовой гаммы: blue-orange, blue-yellow, green-orange.</p>";"<p>2 уровня: для сна и игры. Собирается до компактного размера. Легко переносить. Игрушка для ребёнка. Размеры: 120x60x77 см. Варианты цветовой гаммы: blue-orange, blue-yellow, green-orange.</p>";;;
"Кровать BERTONI CLASSIC";89;;390.65;2;;"Кровать BERTONI CLASSIC";;;"<p>Внутренний размер кроватки: 120х60 см. Выдвижной ящик. Специальные фиксаторы качания. Варианты цветовой гаммы: голубая и розовая.</p>";"<p>Внутренний размер кроватки: 120х60 см. Выдвижной ящик. Специальные фиксаторы качания. Варианты цветовой гаммы: голубая и розовая.</p>";;;
"Пеленальный столик Baby Prestige Simplicity";88;;198.90;2;;"Пеленальный столик Baby Prestige Simplicity";;;"<p>Пеленальный столик очень устойчив благодаря широкой основе. Ванночка анатомической формы с дренажной трубкой для слива воды. Имеется полочка для хранения банных принадлежностей. Занимает мало места. Высота - 98 см. Длина - 75 см. Ширина - 58 см.</p>";"<p>Пеленальный столик очень устойчив благодаря широкой основе. Ванночка анатомической формы с дренажной трубкой для слива воды. Имеется полочка для хранения банных принадлежностей. Занимает мало места. Высота - 98 см. Длина - 75 см. Ширина - 58 см.</p>";;;
"BABYONO 238 Набор посуды для кормления";87;;34.45;2;;"BABYONO 238 Набор посуды для кормления";;;"<p>Тарелочка с подогревом, диаметр 17,5 см</p><p>Обеденные наборы BabyOno это все, что необходимо для Твоего ребёнка во время еды</p><p>Набор предназначен для детей от 1-го года, однако если заметите, что Ваш ребёнок захочет раньше начать есть самостоятельно, то ничто не мешает, ему делать это ещё до года.</p>";"<p>Тарелочка с подогревом, диаметр 17,5 см</p><p>Обеденные наборы BabyOno это все, что необходимо для Твоего ребёнка во время еды</p><p>Набор предназначен для детей от 1-го года, однако если заметите, что Ваш ребёнок захочет раньше начать есть самостоятельно, то ничто не мешает, ему делать это ещё до года.</p><p>В набор входит</p><p>* тарелка с подогревом и присоской</p><p>* кружка-непроливайка</p><p>* столовые приборы</p><p>Производство: BabyOno, Польша</p>";;;
"Детское автокресло Bebe Confort Iseos Safe Side TT";86;;651.95;2;;"Детское автокресло Bebe Confort Iseos Safe Side TT";;;"<p>Автокресло рекомендуется для детей от 9 кг (1-4 года). Оснащено системой дополнительного натяжения ремней, которыми кресло крепится к сиденью автомобиля, что упрощает и ускоряет его правильную установку.</p>";"<p>Автокресло рекомендуется для детей от 9 кг (1-4 года). Оснащено системой дополнительного натяжения ремней, которыми кресло крепится к сиденью автомобиля, что упрощает и ускоряет его правильную установку. Установка в автомобиле: по ходу движения с помощью штатного 3-точечного ремня безопасности. В кресле используется двойная система Modulo Safe, позволяющая плавно изменять ширину (от 40 до 55 см) и наклон кресла, внутренние 5-точечные ремни безопасности регулируются по росту ребенка. Прочный корпус на широкой платформе разработан с учетом геометрии салонов современных автомобилей. Усиленная боковая защита Safe Side. Защитные накладки на ремнях двух размеров, в зависимости от возраста ребенка. Система Легкая посадка, фиксирующая внутренние ремни по сторонам, на боковинах и не мешающие посадке ребенка. Высококачественное, мягкое, дышащее покрытие (снимается и стирается). Система Total Tension обеспечивает правильную установку с меньшими усилиями. Вес автокресла: 9 кг.</p>";;;
"Хлебопечка Tefal Dual Home Baker OW4002";85;;390.65;2;;"Хлебопечка Tefal Dual Home Baker OW4002";;;"<p>Мощность 680 Вт. Запрограммированный старт через 15 часов. Запас памяти на 7 минут при сбое электропитания. Антипригарное покрытие бака. 13 программ приготовления. 3 варианта веса хлеба (750 г, 1 кг и 1,2 кг). 3 цвета корочки.</p>";"<p>Мощность 680 Вт. Запрограммированный старт через 15 часов. Запас памяти на 7 минут при сбое электропитания. Антипригарное покрытие бака. 13 программ приготовления. 3 варианта веса хлеба (750 г, 1 кг и 1,2 кг). 3 цвета корочки.</p>";;;
"Мясорубка AEG FW 5549";84;;315.25;2;;"Мясорубка AEG FW 5549";;;"<p>Технические характеристикиМощность 400 ВтСистема реверса естьНасадкиПерфорированный диск для фарша есть</p>";"<p>Технические характеристикиМощность 400 ВтСистема реверса естьНасадкиПерфорированный диск для фарша есть, 3 в комплектеНасадка-терка нетНасадка для шинковки нетНасадка для приготовления колбас естьПрочие насадки для кеббе, для нарезки печеньяОсобенностиМатериал лотка металлМатериал корпуса металлПрорезиненные ножки естьОтсек для хранения шнура естьДополнительная информация максимальная мощность 1000 Вт</p>";;;
"Чаеварка-чайник BOSCH TTA 2009";83;;174.85;2;;"Чаеварка-чайник BOSCH TTA 2009";;;"<p>Цвет: бежевый/серый, серебристый</p><p>Мощность: 1785 Вт макс.</p><p>Объем заварника: 0,7 л</p><p>Объем чайника: 2,0 л</p>";"<p>Цвет: бежевый/серый, серебристый</p><p>Мощность: 1785 Вт макс.</p><p>Объем заварника: 0,7 л</p><p>Объем чайника: 2,0 л</p><p>Чайник из полупрозрачного пластика со шкалой уровня воды</p><p>Стеклянный заварник с крышкой</p><p>Ситечко для заварки из нержавеющей стали</p><p>Круговой светоиндикатор «Улыбка»</p><p>Крышка для чайника в комплекте</p><p>Скрытый нагревательный элемент, дно из нержавеющей стали</p><p>Автоматическое переключение на режим подогрева</p><p>Цоколь с центральным контактом позволяет устанавливать чайник в любом положении</p><p>Клавиша переключения режимов кипячения и нагрева</p><p>Клавиша «включения/отключения» прибора</p><p>Намотка кабеля в цоколе</p>";;;
"Универсальная соковыжималка Philips HR186630";82;;391.95;2;;"Универсальная соковыжималка Philips HR186630";;;"<p>Тип универсальная</p><p>Мощность 800 Вт</p><p>Резервуар для сока стакан, объем 1.25 л</p><p>Система прямой подачи сока есть</p><p>Система капля-стоп есть</p><p>Сбор мякоти автоматический выброс мякоти, объем резервуара 2 л</p><p>Сепаратор для пены есть</p><p>Защитные функции защита от случайного включения</p>";"<p>Тип универсальная</p><p>Мощность 800 Вт</p><p>Резервуар для сока стакан, объем 1.25 л</p><p>Система прямой подачи сока есть</p><p>Система капля-стоп есть</p><p>Сбор мякоти автоматический выброс мякоти, объем резервуара 2 л</p><p>Сепаратор для пены есть</p><p>Защитные функции защита от случайного включения</p><p>Технические характеристики</p><p>Тип универсальная</p><p>Мощность 800 Вт</p><p>Резервуар для сока стакан, объем 1.25 л</p><p>Система прямой подачи сока есть</p><p>Система капля-стоп есть</p><p>Сбор мякоти автоматический выброс мякоти, объем резервуара 2 л</p><p>Сепаратор для пены есть</p><p>Защитные функции защита от случайного включения</p><p>Особенности</p><p>Материал корпуса алюминий</p><p>Материал сетки центрифуги нерж. сталь</p><p>Круглая горловина есть</p><p>Размер горловины 74 мм</p><p>Комплектация щеточка для чистки</p><p>Прорезиненные ножки есть</p><p>Отсек для сетевого шнура длина 1.2 м</p><p>Управление</p><p>Количество скоростей 2</p>";;;
"Миксер Philips HR1565";81;;196.95;2;;"Миксер Philips HR1565";;;"<p>Легкое приготовление домашних дессертов Миксер с поворачивающейся чашей Приготовление изысканных домашних тортов, пирогов и выпечки для всей семьи еще никогда не было настолько простым. Этот 350 Вт миксер Philips с подставкой и чашей сделает за вас всю трудную работу, за минуты приготовив идеальные смеси. Ваш верный и надежный помощник на кухне.</p>";"<p>Легкое приготовление домашних дессертов Миксер с поворачивающейся чашей Приготовление изысканных домашних тортов, пирогов и выпечки для всей семьи еще никогда не было настолько простым. Этот 350 Вт миксер Philips с подставкой и чашей сделает за вас всю трудную работу, за минуты приготовив идеальные смеси. Ваш верный и надежный помощник на кухне.</p><p>Свободные руки при смешивании Вращающаяся чаша емкостью 3 л Подставка миксера</p><p>Идеальное тесто и десерты за несколько минут Мощный (350 Ватт) мотор Различные скоростные режимы и турборежим</p><p>Идеально взбивает и смешивает Насадки для взбивания и для теста в комплекте</p><p>Быстрая и простая чистка Удобная лопаточка</p><p>Удобство хранения Зажим для шнура</p><p>Общие характеристики Режимы скоростей: 3 Кнопка включения турборежима Зажим для шнура</p><p>Технические характеристики Мощность: 350 Вт Напряжение: 230-240 В Частота: 50/60 Гц Длина шнура: 1,50 м</p><p>Характеристики дизайна Материал, из которого изготовлен корпус: ABS Материал насадок для взбивания/для теста: Из нержавеющей стали</p><p>Принадлежности Насадки для взбивания Насадки для теста</p><p>Дата выпуска 2008-05-21</p>";;;
"Коммуникатор ASUS MyPal A639";80;;53148.55;2;26999.00;"Коммуникатор ASUS MyPal A639";;;"<p>Операционная система Windows Mobile 5.0 for Pocket PC. Процессор Intel XScale PXA270 416 МГц. Оперативная память 64 Мб, Flash-память ROM 1 Гб. Интерфейсы: SD/MMC с поддержкой SDIO, IrDA, Bluetooth 2.0+EDR, Wi-Fi (IEEE802.11b/g), USB 1.1 клиент (синхронизация, заряд, кард-ридер).</p>";"<p>Операционная система Windows Mobile 5.0 for Pocket PC. Процессор Intel XScale PXA270 416 МГц. Оперативная память 64 Мб, Flash-память ROM 1 Гб. Интерфейсы: SD/MMC с поддержкой SDIO, IrDA, Bluetooth 2.0+EDR, Wi-Fi (IEEE802.11b/g), USB 1.1 клиент (синхронизация, заряд, кард-ридер). Встроенный GPS-приемник SiRF Star III, внешняя поворотная антенна, разъем для подключения дополнительной антенны. Экран 3.5” c разрешением 240х320 точек, 64 тысячи цветов.</p>";;;
"Факсимильный аппарат Panasonic KX-FC258RU";79;;91573.95;2;45000.00;"Факсимильный аппарат Panasonic KX-FC258RU";;;"<p>Двухстрочный дисплей. Беспроводная DECT трубка с цветным дисплеем. Печать по принципу термопереноса.</p>";"<p>Двухстрочный дисплей. Беспроводная DECT трубка с цветным дисплеем. Печать по принципу термопереноса. Цифровой дуплексный спикерфон. Цифровой автоответчик. Время записи - 15 минут. Скорость модема - до 9,6 Кбит/с. Кнопка навигации. Автоподатчик на 10 листов. Лоток на 20 листов. Отложенная передача. Прием при отсутствии бумаги (до 28 страниц). Набор 100 номеров из памяти. Функция копирования с возможностью масштабирования.</p>";;;
"Радиотелефон Dect Panasonic KX-TCD815";78;;69593.55;2;34999.00;"Радиотелефон Dect Panasonic KX-TCD815";;;"<p>Радиотелефон стандарта DECT/GAP. Загрузка картинок и мелодий с ПК или мобильного телефона (встроенный ИК-порт, в комплекте кабель USB).</p>";"<p>Радиотелефон стандарта DECT/GAP. Загрузка картинок и мелодий с ПК или мобильного телефона (встроенный ИК-порт, в комплекте кабель USB). Автоматический определитель номера: АОН, Caller ID (журнал на 50 вызовов). Проговаривание голосом номера. Большой графический цветной дисплей - 65000 цветов. 6 обычных + 14 полифонических мелодий звонка. Загрузка мелодий с любого аудио-устройства через кабель. Меню и телефонный справочник на русском языке (200 номеров). Возможность присваивания до 3-х номеров телефонов и картинки для одной записи. Редактирование записей с помощью ПК. Функция Нянька. Спикерфон (громкая связь) на трубке. Дата, часы, будильник. Повторный набор последних 5-ти набранных номеров. Подключение гарнитуры. Ночной режим. Кнопка Flash для переадресация на мини-АТС. Подключение до 6-ти трубок на одну базу. Подключение одной трубки на 4 базы. Конференц-связь. Внутренняя связь между трубками. Переадресация внешнего звонка между трубками. Подключение к видеодомофонной системе.</p>";;;
"Компрессор Remeza СБ4С270.АВ670";77;;54509.00;2;26000.00;"Компрессор Remeza СБ4С270.АВ670";;;"<p>Используется в бытовых целях и промышленных условиях как источник сжатого воздуха для пневмоинструмента, окрасочных работ, автосервиса и т. д.</p>";"<p>Используется в бытовых целях и промышленных условиях как источник сжатого воздуха для пневмоинструмента, окрасочных работ, автосервиса и т. д.</p>";;;
"Гайковерт Bosch GDS 12 V";76;;29076.45;2;16499.00;"Гайковерт Bosch GDS 12 V";;;"<p>Аккумуляторный ударный гайковерт, высокий крутящий момент и сила удара</p>";"<p>Аккумуляторный ударный гайковерт, высокий крутящий момент и сила удара, компактная и эргономичная форма, встроенная подсветка с 3 светодиодами для освещения рабочей зоны, металлический корпус редуктора для высочайшей точности и долгого срока службы, 2 аккумулятора NiMH емкостью 2,6 Ач, зажим для переноски на ремне, петля на руку, реверс, безопасная работа без обратного удара, управляющая электроника, рукоятка с мягкой накладкой.</p>";;;
"Мотобур STIHL BT 360";75;;25350.00;2;13478.00;"Мотобур STIHL BT 360";;;"<p>Мощный мотобур, обслуживаемый двумя рабочими, мощностью 3 кВт, со складной рамой для переноски. Предназначается для выполнения разнообразных задач от бурения простых скважин в земле, до взятия образцов почвы.</p>";"<p>Мощный мотобур, обслуживаемый двумя рабочими, мощностью 3 кВт, со складной рамой для переноски. Предназначается для выполнения разнообразных задач от бурения простых скважин в земле, до взятия образцов почвы.</p>";;;
"Стульчик для кормления Cam Smarty S332-C27";74;;24212.50;2;15888.00;"Стульчик для кормления Cam Smarty S332-C27";;;"<p>Универсальный стульчик для детей от 6 до 48 месяцев. Крепится к сиденью или спинке обычного стула при помощи ремней. Регулируется по высоте от 0 до 18 см. Съемный столик. Легко транспортируется. Моется при помощи губки. Пятиточечные ремни безопасности.</p>";"<p>Универсальный стульчик для детей от 6 до 48 месяцев. Крепится к сиденью или спинке обычного стула при помощи ремней. Регулируется по высоте от 0 до 18 см. Съемный столик. Легко транспортируется. Моется при помощи губки. Пятиточечные ремни безопасности.</p>";;;
"Автокресло Maxi-Cosi Priori SPS";73;;78469.95;2;39999.00;"Автокресло Maxi-Cosi Priori SPS";;;"<p>Модель детского автокресла первой возрастной группы. Оно разработано для малышей, только начинающих ходить, и дошкольников (возраст от 9 месяцев до 4-х лет, вес 9-18 кг).</p>";"<p>Модель детского автокресла первой возрастной группы. Оно разработано для малышей, только начинающих ходить, и дошкольников (возраст от 9 месяцев до 4-х лет, вес 9-18 кг). Автокресло Priori легко устанавливается и закрепляется ремнями безопасности с креплением в 2-х или 3-х точках на любом пассажирском месте во всех типах автомобилей. Съемные чехлы можно стирать. Цвета: Bjorn, Enzo, Indigo, Prado, Solar, Stratos, Florian, Horizon, Roseline.</p>";;;
"Коляска Hauck Condor";72;;52676.00;2;27499.00;"Коляска Hauck Condor";;;"<p>Прогулочная коляска. Регулируемый наклон спинки. Регулируемая подножка. Солнцезащитный козырек со смотровым окошком.</p>";"<p>Прогулочная коляска. Регулируемый наклон спинки. Регулируемая подножка. Солнцезащитный козырек со смотровым окошком. Пятиточечный ремень безопасности. Съемный поручень. Тканевые части коляски можно стирать. Дождевик. Вес 10 кг.</p>";;;
"Директорское кресло VIP класса Status Extra";71;;67600.00;2;36999.00;"Директорское кресло VIP класса Status Extra";;;"<p>Директорское кресло VIP класса Status Extra для руководителя,дома и офиса. СТАТУС дерево натуральная кожа 100% люкс LE-16/K цвет бренди Кожаное кресло VIP класса для руководителя,дома и офиса.</p>";"<p>Директорское кресло VIP класса Status Extra для руководителя,дома и офиса. СТАТУС дерево натуральная кожа 100% люкс LE-16/K цвет бренди Кожаное кресло VIP класса для руководителя,дома и офиса. Широкое мягкое сиденье и высокая спинка с механизмом трансформации. Удобные мягкие кожаные подлокотники . Элегантная металическая крестовина с деревянными накладками,точенный из масива чехол пневмо-целиндра. Кресло комплектуется механизмом ТРАНСФОРМАЦИИ который обеспечивает разложение кресла практически в горизонтальное положение. Обивка кресла натуральная кожа высшего качества LUX 100%. выделки Extra - мягкая и эластичная.</p>";;;
"Стульчик для кормления Peg-Perego Tatamia";70;;26794.95;2;11577.00;"Стульчик для кормления Peg-Perego Tatamia";;;"<p>Стульчик Tatamia от 0 до 36 месяцев. Двойной поднос в двойне гигиеничнее. Можно мыть в посудомоечной машине. Угол наклона стула регулируется, имеет 4 положения.</p>";"<p>Стульчик Tatamia от 0 до 36 месяцев. Двойной поднос в двойне гигиеничнее. Можно мыть в посудомоечной машине. Угол наклона стула регулируется, имеет 4 положения. Пятиточечные ремни безопасности. Имеет 9 положений сидения по высоте. Может использоваться как шезлонг или расслабляющее кресло-качалка. Цвета: Cacao, Fiordilatte, Paloma, Arancio.</p>";;;
"Детская кроватка Красная Звезда Елизавета С-550";69;;24776.05;2;12000.00;"Детская кроватка Красная Звезда Елизавета С-550";;;"<p>Детская кроватка с ложем увеличенного размера 140х70см, превращается в красивый уютный диванчик.</p>";"<p>Детская кроватка с ложем увеличенного размера 140х70см, превращается в красивый уютный диванчик. Вместительный ящик для детских принадлежностей. Две съёмные планки. Силиконовая накладка на боковине. 4 съемных колеса со стопорами. Материал - массив березы. Отсутствуют острые углы. Древесина обработана экологически чистым лаком. Размер кровати: 156х77х113 см.</p>";;;
"Манеж-кровать Capella C1";68;;50253.45;2;24999.00;"Манеж-кровать Capella C1";;;"<p>Двухуровневый просторный манеж-кровать с пеленальным столиком. Вибромузыкальный блок успокоит ребенка и поможет ему заснуть. Быстрый и безопасный механизм складывания-раскладывания манежа. Колесные фиксаторы позволяют свободно передвигать манеж-кровать.</p>";"<p>Двухуровневый просторный манеж-кровать с пеленальным столиком. Вибромузыкальный блок успокоит ребенка и поможет ему заснуть. Быстрый и безопасный механизм складывания-раскладывания манежа. Колесные фиксаторы позволяют свободно передвигать манеж-кровать. Кольца-держатели, с помощью которых ребенок сможет подтянуться и встать на ножки. Боковой лаз на молнии. Центральная ножка манежа обеспечивает дополнительную устойчивость.</p>";;;
"Погружной блендер Philips HR1377";67;;45781.45;2;22999.00;"Погружной блендер Philips HR1377";;;"<p>Основные характеристики</p><p>Тип погружной</p><p>Мощность 700 Вт</p>";"<p>Основные характеристики:</p><p>Тип погружной</p><p>Мощность 700 Вт</p><p>Управление механическое, число скоростей: 5, плавная регулировка скорости</p><p>Особенности:</p><p>Материал корпуса металл</p><p>Материал погружной части металл</p><p>Отверстие для ингредиентов есть</p><p>Сетевой шнур длина 1.30 м</p><p>Функциональные возможности:</p><p>Дополнительные режимы турборежим</p><p>Измельчитель есть, объем 1.5 л</p><p>Мерный стакан есть, объем 1 л</p><p>Венчик для взбивания есть</p><p>Дополнительная информация диск для нарезки тонкими/средними ломтиками; диск для шинковки/нарезки</p>";;;
"Микроволновая печь BORK W531";66;;31351.45;2;15499.00;"Микроволновая печь BORK W531";;;"<p>Микроволновая печь с теновым грилем и конвекцией объемом 32 литра.</p><p>Электронное управление.</p>";"<p>Микроволновая печь с теновым грилем и конвекцией объемом 32 литра.</p><p>Электронное управление. 4 комбинированных режима.</p><p>Автоматическое приготовление и разогрев.</p><p>Программы разморозки по весу и времени.</p><p>Возможность приготовления на вертеле.</p><p>Режим последовательного приготовления.</p><p>Функция быстрого и отложенного старта.</p><p>Режим экспресс приготовления для работы при максимальной мощности за 30 секунд.</p><p>Блокировка от детей.</p><p>Внутреннее покрытие из нержавеющей стали.</p><p>Диаметр поворотного стола: 31.50 см.</p><p>LCD-дисплей.</p><p>Часы.</p>";;;
"Вытяжка Elica ONICE IX + NOCE F90";65;;25231.05;2;12999.00;"Вытяжка Elica ONICE IX + NOCE F90";;;"<p>Настенная вытяжка шириной 90 см. Потребляемая мощность 200 Вт. Освещение – галогенные лампы, 2 х 20 Вт. Управление: механические кнопки. Угольный фильтр. Отделка: Stainless steel + Cherry, Stainless steel + wood.</p>";"<p>Настенная вытяжка шириной 90 см. Потребляемая мощность 200 Вт. Освещение – галогенные лампы, 2 х 20 Вт. Управление: механические кнопки. Угольный фильтр. Отделка: Stainless steel + Cherry, Stainless steel + wood.</p>";;;
"Холодильник ARDO GO 2210 BH HOMEPUB";64;;24310.00;2;12050.00;"Холодильник ARDO GO 2210 BH HOMEPUB";;;"<p>Общий объем 316л.</p><p>Полезный объем холодильной камеры 218л</p><p>Полезный объем морозильной камеры 83л</p>";"<p>Общий объем 316л.</p><p>Полезный объем холодильной камеры 218л</p><p>Полезный объем морозильной камеры 83л</p><p>Дозатор для пива:</p><p>Дверцы помимо обычных полок содержат специальные ниши, в которых находится система подачи пива.</p><p>Причем это не уменьшает полезное пространство для хранения продуктов!</p><p>Потребление электроэнергии (кВт/24ч) 0,70</p><p>Электронный модуль управления</p><p>1 компрессор</p><p>Автоматическое размораживание холодильного отделения</p><p>Ручное размораживание морозильного отделения</p><p>Антибактериальное покрытие</p><p>Поддержание температуры в случае отключения (ч) 18ч.</p><p>Кнопка быстрого замораживания</p><p>Индикатор критической температуры</p><p>Полки из сверхпрочного закаленного стекла</p><p>Полка для бутылок</p><p>Класс A+</p><p>Inox - нержавеющая сталь</p><p>Размеры в см:В185,5хШ60хГ67,2</p><p>Как обеспечить себя баллонами для Home Pub?</p><p>1. Вы покупаете Home Pub с заправленным баллоном. Home Pub, баллон и газ – продаются, как отдельные позиции. Кроме того, в любой момент Вы можете приобрести дополнительно заправленные баллоны.</p><p>2. Когда баллон (а это приблизительно 30 бочонков по 5л) у Вас опустошится, обратитесь в магазин, который торгует продукцией ARDO по предварительному заказу;</p><p>3. Вы сдаете пустой баллон, получаете полный и оплачиваете только заправку. Фирма-производитель оставляет за собой право на внесение изменений в конструкцию и комплектацию приборов.</p>";;;
"Проводная стерео гарнитура Sony Ericsson HPM-20";63;;32.50;0;;"Проводная стерео гарнитура Sony Ericsson HPM-20";;;"<p>С оригинальными стерео наушниками и микрофоном достигается максимальная свобода движения во время разговора и прослушивания музыки.</p>";"<p>С оригинальными стерео наушниками и микрофоном достигается максимальная свобода движения во время разговора и прослушивания музыки.</p>";;;
"Электрический фрезер Bosch GOF 900 CE";62;;1191.45;0;;"Электрический фрезер Bosch GOF 900 CE";;;"<p>Электрический фрезер мощностью 900 Вт.</p>";"<p>Электрический фрезер мощностью 900 Вт. Константная электроника для обеспечения постоянной производительности. Точная регулировка глубины захода с точностью до 1/10 мм с функцией погружения. Регулировка числа оборотов. Система SDS.</p>";;;
"Станок для резки плитки (плиткорез) Диолд СП-1,2-250";61;;1495.00;0;;"Станок для резки плитки (плиткорез) Диолд СП-1,2-250";;;"<p>Станок для резки плитки СП-1,2-250 предназначен для прямой и наклонной резки плиток, сделанных из керамического и подобного материла и относится к изделиям бытового назначения.</p>";"<p>Станок для резки плитки СП-1,2-250 предназначен для прямой и наклонной резки плиток, сделанных из керамического и подобного материла и относится к изделиям бытового назначения. В качестве рабочего инструмента используется алмазный отрезной диск с наружным диаметром 250 мм, посадочным диаметром 25,4 мм и шириной 2,4 мм. Станок предназначен для эксплуатации в районах умеренного климата, исполнения У, при температуре окружающего воздуха от плюс 35°С до минус 15°С. Режим работы станка повторно-кратковременный - 15/5мин. (15 мин. - работа, 5 мин. - пауза) Мощность - 1200 Вт.</p>";;;
"Аккумуляторный степлер Bosch PTK 3,6 V";60;;238.55;0;;"Аккумуляторный степлер Bosch PTK 3,6 V";;;"<p>Забивание гвоздей и скоб длиной до 14 мм с мощным аккумулятором 3,6 В.</p>";"<p>Забивание гвоздей и скоб длиной до 14 мм с мощным аккумулятором 3,6 В. PowerLight - при помощи встроенного светодиода рабочая поверхность заготовки будет всегда освещённой. Безопасное остриё - выполнение удара только в рабочем положении. Фронтальное расположение острия степлера для крепления близко к кромке, механическая установка силы удара с помощью регулировочного колёсика в зависимости от обрабатываемого материала. Эргономичная рукоятка с мягкой накладкой для неутомительной работы. Указатель количества скоб.</p>";;;
"Стол складной и 4 стула Tramp TRF-005";59;;346.45;0;;"Стол складной и 4 стула Tramp TRF-005";;;"<p>Набор складной мебели для комфортного застолья на природе: стол увеличенного размера и четыре табурета с сиденьями из из полиэстера. Комплект собирается в компактный чемоданчик.</p><p>Размер стола: Дл124 х Шр62 х Вс70 см</p>";"<p>Набор складной мебели для комфортного застолья на природе: стол увеличенного размера и четыре табурета с сиденьями из из полиэстера. Комплект собирается в компактный чемоданчик.</p><p>Размер стола: Дл124 х Шр62 х Вс70 см</p><p>Материал стола: алюминий</p><p>Материал столешницы: МДФ</p><p>Толщина трубки: 1 мм, диаметр: 25 мм</p><p>Стул: алюминий, полиэстер</p><p>Размеры стула: 36 х 28 х 38,5 см</p><p>Цвет стула: черный</p><p>Допустимая нагрузка на стол: 30 кг</p><p>Допустимая нагрузка на табуретку: 150 кг</p><p>Вес набора мебели: 7 кг</p><p>Оптимальный размер столешницы и дополнительные крепления с обратной стороны увеличивают прочность стола. Комплект собирается в чемоданчик. Имеет дополнительный чехол для транспортировки, что позволит избежать появления лишних царапин и дольше сохранит приглядный вид мебели.</p>";;;
"Рюкзак-кенгуру GLOBEX КЕНГА";58;;43.55;0;;"Рюкзак-кенгуру GLOBEX КЕНГА";;;"<p>Предназначен для детей от 2-х до 8 месяцев (до 7,7 кг). Рюкзачок имеет два положения для переноски младенца: лицом к маме и лицом вперед.</p>";"<p>Предназначен для детей от 2-х до 8 месяцев (до 7,7 кг). Рюкзачок имеет два положения для переноски младенца: лицом к маме и лицом вперед. Жесткое основание подголовника поддержит и защитит головку ребенка. Благодаря специальным застежкам рюкзачок растет вместе с ребенком. Широкие ремни с прокладкой. Упаковка - прочная яркая коробка с ручкой.</p>";;;
"Комплект детского постельного белья в кроватку Грибок-теремок арт.758";57;;411.45;0;;"Комплект детского постельного белья в кроватку Грибок-теремок арт.758";;;"<p>Комплект в кроватку Грибок-теремок арт.758</p><p>-Бортик (по всему периметру кроватки, высота 50см)</p><p>-Балдахин (нежная вуаль, 170x300см)</p><p>-Наволочка</p><p>-Пододеяльник</p><p>-Простыня</p><p>-Одеяло (110x140см)</p><p>-Подушка (40x60см)</p>";"<p>Комплект в кроватку Грибок-теремок арт.758</p><p>-Бортик (по всему периметру кроватки, высота 50см)</p><p>-Балдахин (нежная вуаль, 170x300см)</p><p>-Наволочка</p><p>-Пододеяльник</p><p>-Простыня</p><p>-Одеяло (110x140см)</p><p>-Подушка (40x60см)</p><p>Ткань:</p><p>Высококачественный поплин, 100% хлопок безупречной выделки</p><p>Наполнитель:</p><p>Бортик: Поролон + Синтепон</p><p>Одеяло и подушка: Шерсть</p><p>Декор:</p><p>Вышивка на бортике и пододеяльнике</p><p>в комплект входит стойка к балдахину</p><p>отделка ручной работы шитьём, мягкими бантами и вышитой аппликацией</p><p>деликатные швы, рассчитанные на прикосновение к нежной коже ребёнка бельё полностью безопасно и гипоаллергенно</p><p>Страна происхождения - Россия</p>";;;
"Посудомоечная машина Siemens SN 26 T 552 EU";56;;3228.55;0;;"Посудомоечная машина Siemens SN 26 T 552 EU";;;"<p>Посудомоечная машина с электронным управлением на 13 комплектов посуды. 6 программ. Cенсорные клавиши панели управления. Акустический сигнал окончания хода программы. Tаймер запуска с установкой от 1 до 24 ч.</p>";"<p>Посудомоечная машина с электронным управлением на 13 комплектов посуды. 6 программ. Cенсорные клавиши панели управления. Акустический сигнал окончания хода программы. Tаймер запуска с установкой от 1 до 24 ч. Электронные индикаторы наличия соли и ополаскивателя. Переставляемый по высоте верхний короб. Датчик загрузки. Автоматическая функция «3 в 1». Электроника регенерирования. Tехнология попеременной подачи воды. Cистема защиты стеклянной посуды. Tеплообменник. Mеханическая блокировка от детей. Защита от протечек. Проточный водонагреватель, совмещенный с помпой. Цвет: серебристый.</p>";;;
"Аэрогриль VES 797";55;;216.45;0;;"Аэрогриль VES 797";;;"<p>Аэрогриль ves 797 – компактный и функциональный прибор с регулируемым термостатом. Объем чаши аэрогриля механического ves 797 составляет 12 литров, при использовании расширительного кольца он увеличивается до 17 литров. Аэрогриль оборудован устройством защиты от включения и автоматически отключается при поднятии ручки на 90 градусов.</p>";"<p>Аэрогриль ves 797 – компактный и функциональный прибор с регулируемым термостатом. Объем чаши аэрогриля механического ves 797 составляет 12 литров, при использовании расширительного кольца он увеличивается до 17 литров. Аэрогриль оборудован устройством защиты от включения и автоматически отключается при поднятии ручки на 90 градусов.</p><p>Содержит галогенный нагревательный элемент, сокращающий срок приготовления пищи в несколько раз. Аэрогриль ves 797 имеет корпус, изготовленный из термостойкого стекла. База аэрогриля – с металлическим основанием. Таймер аэрогриля рассчитан на 60 минут.</p><p>Мощность аэрогриля ves 797 составляет 1350 Вт. В нем предусмотрена функция автоматической чистки и мойки. Гарантийный срок службы аэрогриля ves 797 – 1 год.</p><p>Набор аксессуаров аэрогриля: расширительное кольцо, двойная решетка, подставка под крышку, пароварка.</p>";;;
"Газовая плита Ardo D662 RNS";54;;1820.00;0;;"Газовая плита Ardo D662 RNS";;;"<p>Тип плиты газовая</p><p>Тип духовки газовая</p><p>Цвет чёрный</p>";"<p>Тип плиты газовая</p><p>Тип духовки газовая</p><p>Цвет чёрный</p><p>Высота, cм 85</p><p>Ширина, см 60</p><p>Глубина, cм 60</p><p>Количество конфорок (газ+электро) 4+0</p><p>Газ-контроль конфорок есть</p><p>Газ-контроль духовки и гриля есть</p><p>Тип решеток чугун</p><p>Гриль газовый</p><p>Вертел есть</p><p>Электроподжиг автоматический</p><p>Подсветка есть</p><p>Термостат есть</p><p>Двойное стекло дверей духовки есть</p><p>Объем духовки, л 56</p>";;;
"Bluetooth гарнитура Plantronics Voyager 835";53;;162.50;0;;"Bluetooth гарнитура Plantronics Voyager 835";;;"<p>Гарнитура сочетает в себе сразу три технологии шумоподавления, которые в совокупности обеспечивают идеальную ясность и естественное звучание голоса в обоих направлениях.</p>";"<p>Гарнитура сочетает в себе сразу три технологии шумоподавления, которые в совокупности обеспечивают идеальную ясность и естественное звучание голоса в обоих направлениях. Технология Multipoint позволяет использовать данную гарнитуру для работы сразу с двумя Bluetooth устройствами. Работает до 5 часов в режиме разговора и до 7 дней в режиме ожидания. В комплекте с гарнитурой поставляется зарядное устройство от сети, а также уникальное автомобильное зарядное устройство.</p>";;;
"Радиостанция Motorola TLKR-T4";52;;86.45;0;;"Радиостанция Motorola TLKR-T4";;;"<p>Простая, компактная и легкая рация дальность до 6 км (в зависимости от рельефа местности и условий).</p>";"<p>Простая, компактная и легкая рация дальность до 6 км (в зависимости от рельефа местности и условий). Бесплатные звонки. 8 каналов. Сканирование/мониторинг. ЖК-дисплей. Клипса на ремень и петля для ношения. Блокировка клавиатуры. Индикатор заряда батареи. Мощность передатчика 0.5 Вт. 1 мелодия вызова. Звуки клавиатуры.</p>";;;
"Цифровая системная консоль PANASONIC KX-T7440";51;;209.95;0;;"Цифровая системная консоль PANASONIC KX-T7440";;;"<p>Консоль для цифровых системных телефонов Panasonic включает 66 программируемых кнопок прямого выбора абонента, 66 кнопок поля индикаторов занятости линии.</p>";"<p>Консоль для цифровых системных телефонов Panasonic включает 66 программируемых кнопок прямого выбора абонента, 66 кнопок поля индикаторов занятости линии.</p>";;;
"Цифровой системный телефон LG-Nortel LDP-7016D";50;;378.95;0;;"Цифровой системный телефон LG-Nortel LDP-7016D";;;"<p>Системный телефон с 16 программируемыми клавишами со световой индикацией. Трехстрочный информационный дисплей. 3 контекстные клавиши. Клавиши быстрой навигации. Спикерфон (громкая связь). Поддержка дочерних модулей. Световой индикатор вызова./p></p>";"<p>Системный телефон с 16 программируемыми клавишами со световой индикацией. Трехстрочный информационный дисплей. 3 контекстные клавиши. Клавиши быстрой навигации. Спикерфон (громкая связь). Поддержка дочерних модулей. Световой индикатор вызова./p></p>";;;
"Мобильный телефон LG KG810";49;;563.55;0;;"Мобильный телефон LG KG810";;;"<p>Качественный материал корпуса, выбор черного цвета, сдержанность, знающая себе цену.</p>";"<p>Качественный материал корпуса, выбор черного цвета, сдержанность, знающая себе цену. Этот имиджевый аксессуар обладает достаточной мультимедийной мощью. Сенсорные клавиши. TFT дисплей, отображающий 262000 цветов. 64-х голосная полифония. Встроенная 1.3 мегапиксельная камера. Прием и отправка SMS, EMS, MMS, E-mail. МР3/AAC/MP4 плеер. FM-радио. Bluetooth.</p>";;;
"Проводной телефон TeXet TX-223 Кабинет";48;;281.45;0;;"Проводной телефон TeXet TX-223 Кабинет";;;"<p>Исполнение корпуса из натурального дерева. Регулировка уровня громкости вызывного акустического сигнала.</p>";"<p>Исполнение корпуса из натурального дерева. Регулировка уровня громкости вызывного акустического сигнала.</p>";;;
"Радиотелефон DECT Siemens Gigaset S675";47;;440.05;0;;"Радиотелефон DECT Siemens Gigaset S675";;;"<p>Телефон с цветным дисплеем и 15 полифоническими мелодиями.</p>";"<p>Телефон с цветным дисплеем и 15 полифоническими мелодиями. Конференц-связь, автодозвон, автоответчик на 40 минут с дистанционным управлением с другого телефона, блокировка клавиатуры, идентификатор на 30 номеров, ответ поднятием трубки с базы, разъём для гарнитуры, уведомление о пропущенных вызовах с помощью SMS, экономичный режим, SMS. Стандарты DECT/GAP. Радиус действия в помещении до 50 метров, на открытой местности до 300. Возможно подключение до 6 трубок к одной базе и 4 баз к одной трубке.</p>";;;
"Автомобильная громкая связь NEON BTHF009Dsp";46;;65.00;0;;"Автомобильная громкая связь NEON BTHF009Dsp";;;"<p>Комплект беспроводной громкой связи NEON поддерживает функции Определитель номера, Голосовой набор, Повторный набор последнего номера, Отложенный звонок  и Переключение вызова.</p>";"<p>Комплект беспроводной громкой связи NEON поддерживает функции Определитель номера, Голосовой набор, Повторный набор последнего номера, Отложенный звонок  и Переключение вызова. Переключение между функциями осуществляется при помощи многофункциональной клавиши, размещенной на лицевой панели. Версия BLUETOOTH: 2.0. Поддержка профилей: Наушники и Handsfree. Рабочее расстояние: 10 м (класс 2). Экран LCD отображает номер звонящего из 12 цифр. Шумоподавления и устранение эха.</p>";;;
"Виброплита Сплитстоун VS-244";45;;4333.55;0;;"Виброплита Сплитстоун VS-244";;;"<p>Виброплита предназначена для уплотнения асфальтобетонной смеси, грунта, щебня, песка.</p>";"<p>Виброплита предназначена для уплотнения асфальтобетонной смеси, грунта, щебня, песка. Идеальна при ремонте дорог, благоустройстве территории, устройстве фундаментов и инженерных сетей. Производительность виброплиты, м2/час 140. Эксплуатационная масса: 90 кг.</p>";;;
"Маятниковый лобзик с электроникой Metabo STEB 135";44;;650.00;0;;"Маятниковый лобзик с электроникой Metabo STEB 135";;;"<p>Энергичный распил в деревянной заготовке толщиной до 135 мм.</p>";"<p>Энергичный распил в деревянной заготовке толщиной до 135 мм. Легкая и быстрая замена пильного диска, низко расположенный опорный ролик пильного полотна, быстрая фиксация направляющей панели для наклонного распила. Оптимальное удобство обращения благодаря эргономичному дизайну, прорезиненная рукоятка-скоба, устройство воздуходува, обеспечивающее просматриваемость области резания.</p>";;;
"Ручная циркулярная пила Metabo KS 54";43;;411.45;0;;"Ручная циркулярная пила Metabo KS 54";;;"<p>Поворотный штуцер для подсоединения к внешней системе отсоса опилок. Корпус механизма привода, выполненный из алюминия методом литья под давлением.</p>";"<p>Поворотный штуцер для подсоединения к внешней системе отсоса опилок. Корпус механизма привода, выполненный из алюминия методом литья под давлением. Механизм изменения угла наклона пропила в пределах 0 - 45 градусов. Механический тормоз, защита от перегрузки. Новый тип более быстроходных тонких пильных дисков, хорошо видна линия резания, эргономический дизайн.</p>";;;
"Сварочный генератор EUROPOWER EP-200X2";42;;5349.50;0;;"Сварочный генератор EUROPOWER EP-200X2";;;"<p>Сварочный генератор производится на базе четырехтактного бензинового двигателя с воздушным охлаждением HONDA GX390.</p>";"<p>Сварочный генератор производится на базе четырехтактного бензинового двигателя с воздушным охлаждением HONDA GX390. Предназначен для использования в качестве автономного источника питания и для ручной дуговой сварки постоянным током. Возможность работы в двух режимах - сварочного аппарата и электростанции. Максимальный сварочный ток: 200 A. Номинальный сварочный ток: 140 A. Мощность однофазного (230В) тока, кВт: 4. Диаметр электрода: до 4 мм (включительно). Расход: 2.7 л/ч. Объем бака: 6.5 л. Стартер: ручной. Уровень шума: 74 дБ.</p>";;;
"Бензорез Stihl TS 700";41;;3900.00;0;;"Бензорез Stihl TS 700";;;"<p>Ручной бензорез для пиления металла, бетона и асфальта.</p>";"<p>Ручной бензорез для пиления металла, бетона и асфальта. Мощность: 5 кВт. Трехступенчатая фильтрующая система. Система ElastoStart+ и антивибрационная система. Полуавтоматическое натяжение ремня.</p>";;;
"Пылесос промышленный FA-SA DOMINO 78 inox";40;;1701.05;0;;"Пылесос промышленный FA-SA DOMINO 78 inox";;;"<p>2 тихих двухстадийных двигателя (Domino), металлические профессиональные закрывающие замки</p>";"<p>2 тихих двухстадийных двигателя (Domino), металлические профессиональные закрывающие замки, поплавковый клапан, полностью снимаемая верхняя часть, защита от статического электричества, силовой кабель 7 м, легко снимается основа (во время очистки фильтра), всасывающая система с байпасным охлаждением, ударопрочная тележка устойчивая к воздействию химикатов и высоких температур.</p>";;;
"Бетономешалка Power Tec BWE180/140";39;;693.55;0;;"Бетономешалка Power Tec BWE180/140";;;"<p>Бетономешалка с загрузкой и выгрузкой с обеих сторон. Выгрузка на высоте тележки. Ёмкость барабана: 180 л. Рабочая ёмкость: 140 л. Производительность: 1,1 м3/ч. Мощность двигателя: 0,55-0,75 кВт. Вес: 73 кг.</p>";"<p>Бетономешалка с загрузкой и выгрузкой с обеих сторон. Выгрузка на высоте тележки. Ёмкость барабана: 180 л. Рабочая ёмкость: 140 л. Производительность: 1,1 м3/ч. Мощность двигателя: 0,55-0,75 кВт. Вес: 73 кг.</p>";;;
"Светильник на зеркало K-26 MARTA тюльпан";38;;56.55;0;;"Светильник на зеркало K-26 MARTA тюльпан";;;"<p>Цвет: хром 230V E14 Max 40WТорговая марка: MARTA Производство: Польша</p>";"<p>Цвет: хром 230V E14 Max 40WТорговая марка: MARTA Производство: Польша</p>";;;
"Шезлонг Canadian Camper 68014";37;;411.45;0;;"Шезлонг Canadian Camper 68014";;;"<p>СС-68014 - одно из самых лучших кресел для отдыха за городом на лоне природы.</p><p>Регулируемые по высоте подушка-подголовник кресла и патентованная система наклона спинки, позволит подобрать наиболее удобное для вас положение.</p>";"<p>СС-68014 - одно из самых лучших кресел для отдыха за городом на лоне природы.</p><p>Регулируемые по высоте подушка-подголовник кресла и патентованная система наклона спинки, позволит подобрать наиболее удобное для вас положение.</p><p>Сетчатая структура стойкого к ультрафиолетовому излучению материал кресла – HD TEXTILENE - обеспечит максимальный комфорт даже в летнюю жару. Также этот материал почти не впитывает влагу и моментально сохнет.</p><p>Пластмас, из которого сделаны подлокотники кресла, не только придает «шарм» креслу, но и обеспечивает приятные тактильные ощущения. Прочный стальной каркас кресла выдерживает нагрузку до 120 кг.</p><p>Меняется положение при помощи тела человека , в подлокотниках есть два фиксатора для наиболее удобного принятия положения.</p><p>Транспортировочное положение , положение для хранения , минимум занимаемой площади</p>";;;
"Печь для бани Термофор Калина";36;;2665.00;0;;"Печь для бани Термофор Калина";;;"<p>Дровяная печь-камин премиум-класса. Большой светопрозрачный экран, расширяющийся топливный канал и широкий топливник позволяют комфортно обозревать пламя под разными углами зрения.</p>";"<p>Дровяная печь-камин премиум-класса. Большой светопрозрачный экран, расширяющийся топливный канал и широкий топливник позволяют комфортно обозревать пламя под разными углами зрения. Оригинальный лабиринтный газоход обеспечивает мощный скоростной нагрев парилки объемом до 24 кубических метров и качественный прогрев каменной закладки массой около 100 килограммов. Встроенный теплообменник позволяет нагревать воду в выносном баке, размещенном в смежном помещении.</p>";;;
"Ходунки Chicco Dance 79091";35;;300.95;0;;"Ходунки Chicco Dance 79091";;;"<p>Xодунки с огромным количеством световых и звуковых эффектов и подключением mp3-плеера.</p>";"<p>Xодунки с огромным количеством световых и звуковых эффектов и подключением mp3-плеера. Три звуковых режима: 5 веселых мелодий, 5 звуков инструментов, 5 звукоподражательных функций. Высокая спинка стульчика для поддержания спины ребенка в ровном состоянии. 6 фиксаторов, которые останавливают ходунки при столкновении с порогом. Сиденье имеет 3 положения высоты. Съемный чехол легко стирается. Размер: 79х66х47 см.</p>";;;
"Термометр для ванной и помещений Philips AVENT SCH55020";34;;112.45;0;;"Термометр для ванной и помещений Philips AVENT SCH55020";;;"<p>Точное измерение температуры. Не тонет в воде.</p><p>С помощью цифрового термометра для ванны и помещений Philips AVENT удобно контролировать температуру как в детской, так и в ванной. Кроме того, исследования доказали абсолютную безопасность данного прибора, который можно использовать как игрушку для ребенка в ванной.</p>";"<p>Точное измерение температуры. Не тонет в воде.</p><p>С помощью цифрового термометра для ванны и помещений Philips AVENT удобно контролировать температуру как в детской, так и в ванной. Кроме того, исследования доказали абсолютную безопасность данного прибора, который можно использовать как игрушку для ребенка в ванной.</p><p>Быстрый и надежный способ измерения температуры</p><p>• Для измерения температуры воды в ванне и воздуха в спальне.</p><p>Безопасен для игры</p><p>• Соответствует стандартам для игрушек и стандартам безопасности</p><p>• Не тонет в воде</p><p>Технические характеристики</p><p>Диапазон температур для работы 10 - 45 °C</p><p>Точность +/-1 °C</p><p>Питание</p><p>Совместим с EN 71, ASTM F963-96a Technical</p><p>Тип элемента питания LR44</p><p>Количество батарей 2</p><p>Съемный/ сменный Да</p><p>Аксессуары</p><p>Руководство пользователя Да</p><p>Страна-бренд: Голландия</p><p>Производитель: Польша, Китай, Турция, Индия, Венгрия, Филипины</p>";;;
"Детская кроватка-трансформер Гандылян Тереза";33;;801.45;0;;"Детская кроватка-трансформер Гандылян Тереза";;;"<p>Кроватка-трансформер совмещает себе функции кроватки для новорожденных и кровати для дошкольников. Боковое ограждение опускается или снимается. Комод может использоваться в качестве пеленального</p>";"<p>Кроватка-трансформер совмещает себе функции кроватки для новорожденных и кровати для дошкольников. Боковое ограждение опускается или снимается. Комод может использоваться в качестве пеленального столика. Он оснащен тремя объемными выдвижными ящиками с открытыми полочками для мелочей. Ложе может устанавливать на одном из двух уровнях. Два выдвижных ящика для белья. Цвет: натуральный, вишня, орех, махагон, белый, слоновая кость. Размеры кроватки: 67 x 129 х 101 см. Размеры комода: 49.5 x 70 x 70.5 см.</p>";;;
"Пароварка BORK FS ECP 98100 BK";32;;378.95;0;;"Пароварка BORK FS ECP 98100 BK";;;"<p>Общие характеристики</p><p>Количество ярусов 3</p><p>Тип управления электронное</p><p>Максимальная потребляемая мощность 1000 Вт</p><p>Индикация включения есть</p>";"<p>Общие характеристики:</p><p>Количество ярусов 3</p><p>Тип управления электронное</p><p>Максимальная потребляемая мощность 1000 Вт</p><p>Индикация включения есть</p><p>Функции:</p><p>Автоприготовление есть, рецептов - 6</p><p>Термостат есть</p><p>Отсрочка старта есть</p><p>Конструкция</p><p>Материал корпуса пластик</p><p>Материал паровых корзин прозрачный пластик</p><p>Объем резервуара для воды 1.5 л</p><p>Чаша для риса есть, на 1.9 л</p><p>Индикатор уровня воды есть</p><p>Съемные решетки есть</p><p>Дисплей есть</p><p>Долив воды во время приготовления есть</p><p>Особенности:</p><p>Габариты (ШхВхГ) 35x41x25 см</p><p>Вес 2.68 кг</p><p>Длина сетевого шнура 1 м</p>";;;
"Сэндвичница Eta 3151";31;;151.45;0;;"Сэндвичница Eta 3151";;;"<p>Сэндвичница мощностью 650 Вт со сменными панелями три в одной - сэндвичница, контактный гриль и вафельница.</p>";"<p>Сэндвичница мощностью 650 Вт со сменными панелями три в одной - сэндвичница, контактный гриль и вафельница. Панели с качественным противопригарным покрытием просто и быстро заменяются, температура автоматически регулируется термостатом. Световая сигнализация для удобства приготовления (красный световой индикатор загорается при подключении к сети, зеленый - при достижении необходимой температуры). Для безопасного использования корпус в теплоизоляционной обшивке, ручки прибора с фиксатором также изолированы и устойчивы к нагреву. Цвет корпуса - черный со вставками из нержавеющей стали.</p>";;;
"Электрический чайник Stadler Form SFK.808";30;;346.45;0;;"Электрический чайник Stadler Form SFK.808";;;"<p>Электрочайник емкостью 1.8 литра в стеклянном корпусе с закрытым нагревательным элементом. Стеклянная колба Duran Schott и голубая подсветка превратят процесс закипания воды в волшебное зрелище.</p>";"<p>Электрочайник емкостью 1.8 литра в стеклянном корпусе с закрытым нагревательным элементом. Стеклянная колба Duran Schott и голубая подсветка превратят процесс закипания воды в волшебное зрелище. Мощность 2200 Вт обеспечит быстрое закипание, а центральный контакт - поворот на 360 градусов и удобную эксплуатацию. Чайник оснащен съемным фильтром-сеткой, для безопасного использования предусмотрена блокировка крышки. Основание, ручка и крышка чайника изготовлены из прочного пластика. Электрический шнур убирается в специальный отсек.</p>";;;
"Сушилка для овощей и фруктов Energy EN-660";29;;151.45;0;;"Сушилка для овощей и фруктов Energy EN-660";;;"<p>Прибор для бережной сушки овощей, фруктов, грибов мощностью 450 Вт. Позволяет сохранять вкусовые качества продуктов, витамины и активные вещества.</p>";"<p>Прибор для бережной сушки овощей, фруктов, грибов мощностью 450 Вт. Позволяет сохранять вкусовые качества продуктов, витамины и активные вещества. 4 съемных поддона, принудительная вентиляция, регулируемый термостат (60°- 75° С). Корпус изготовлен из пластика ABS, что позволяет защитить продукты от разрушительного воздействия солнечного света.</p>";;;
"Тостер KRUPS FEM2 ToastExpert";28;;173.55;0;;"Тостер KRUPS FEM2 ToastExpert";;;"<p>Технические характеристикиМощность 1100 ВтКоличество отделений 2Количество тостов 2Тип управления механическоеРегулировка степени поджаривания есть, 8Кнопка отмены естьОсобенностиПоддон для крошек есть</p>";"<p>Технические характеристикиМощность 1100 ВтКоличество отделений 2Количество тостов 2Тип управления механическоеРегулировка степени поджаривания есть, 8Кнопка отмены естьОсобенностиПоддон для крошек есть</p>";;;
"Кофеварка эспрессо KENWOOD ES 471";27;;866.45;0;;"Кофеварка эспрессо KENWOOD ES 471";;;"<p>Кофеварка эспрессо</p><p>Цвет Красный</p><p>Регулировка Кол-ва чашек, Крепости кофе</p>";"<p>Кофеварка эспрессо</p><p>Цвет Красный</p><p>Регулировка Кол-ва чашек, Крепости кофе</p><p>Индикатор уровня воды</p><p>Резервуар для воды Съёмный</p><p>Давление (бар) 15</p><p>Объём резервуара д/воды 1.5 л</p><p>Потребляемая мощность 1050 Вт</p><p>Дополнительные параметры:</p><p>Используемый кофемолотый / чалды</p><p>Нагреватель TermoGen.</p><p>Система подогрева чашек.</p><p>Подходит для использования фильтров ESE.</p><p>Профессиональный наконечник для вспенивания молока.</p><p>Возможность приготовления капуччино ручное приготовление</p><p>Индикатор контроля температуры.</p><p>Регулятор пара с покрытием SureGrip.</p><p>Съёмный лоток для капель.</p><p>Отсек для хранения шнура.</p>";;;
"Мобильный телефон HTC Sensation XE";26;;1733.55;0;;"Мобильный телефон HTC Sensation XE";;;"<p>Смартфон, выполненный в форм-факторе моноблок оснащен двухядерным процессором 1.5 ГГц и ОС Android 2.3. 4.3 дюймовый SLCD дисплей с разрешением 540 х 960 пикселей способный отображать до 16 млн. цветов.</p>";"<p>Смартфон, выполненный в форм-факторе моноблок оснащен двухядерным процессором 1.5 ГГц и ОС Android 2.3. 4.3 дюймовый SLCD дисплей с разрешением 540 х 960 пикселей способный отображать до 16 млн. цветов. Встроенная память телефона 4 Гб. Слот для карт памяти формата microSD, microSDНС. Интерфейсы: Вluetooth, USB, Wi-Fi. Встроенный приемник GPS. Встроена 8-ми мегапиксельная камера с автофокусом, светодиодной вспышкой и функцией записи видео. Аудио разъем 3.5 мм. Аккумулятор емкостью 1730 мАч обеспечивает работу до 9 часов в режиме разговора, до 540 часов в режиме ожидания.</p>";;;
"Радиотелефон Dect Panasonic KX-TG8286";25;;589.55;0;;"Радиотелефон Dect Panasonic KX-TG8286";;;"<p>Комплектация база, две трубки. Радиус действия в помещении / на открытой местности 50 / 300 м.</p>";"<p>Комплектация база, две трубки. Радиус действия в помещении / на открытой местности 50 / 300 м. Цифровой автоответчик, на 40 минут. Память последних 10 набранных номеров. Полифонические мелодии 20. Автодозвон, будильник, блокировка клавиатуры от случайного нажатия, разъем для гарнитуры. Ночной режим, избирательный звонок, тип дополнительных трубок KX-TGA828. Дисплей на базовом блоке, на трубке (цветной). Подсветка кнопок на трубке. Возможность настенного крепления. Наборное поле на базе. АОН/Caller ID, журнал на 50 номеров. Громкая связь (спикерфон). Внутренняя связь (интерком) между несколькими трубками. Конференц-связь (между базой, трубкой/трубками и внешним абонентом).</p>";;;
"Электрорубанок Metabo Ho Е 0983";24;;1168.05;0;;"Электрорубанок Metabo Ho Е 0983";;;"<p>Упор направляющей для наклонного строгания под углом до 45 градусов, поворотный патрубок для выталкивания стружки.</p>";"<p>Упор направляющей для наклонного строгания под углом до 45 градусов, поворотный патрубок для выталкивания стружки. Пониженное число оборотов для уменьшение шума на холостом ходу, полноволновая электроника для равномерного строгания, надежный прочный рубанок с длинной подошвой для широкого спектра применения. Твердосплавные ножи, легкая замена ножа благодаря кассетной системе, бесступенчатая регулировка глубины строгания и глубины фальца, плоско-фрезерованная подошва рубанка из алюминиевого литья под давлением.</p>";;;
"Бензопила цепная Stihl MS 660";23;;2383.55;0;;"Бензопила цепная Stihl MS 660";;;"<p>Очень мощная пила, расчитана на экстремальные нагрузки, крайне прочна.</p>";"<p>Очень мощная пила, расчитана на экстремальные нагрузки, крайне прочна. Превосходно подходит для эффективной рубки толстомерного леса. Боковое устройство натяжения цепи, компенсатор, замок для бака, не требующий инструмента, декомпрессионный клапан.</p>";;;
"Ironing board Gimi Temper Drop";22;;65.00;2;;"Ironing board Gimi Temper Drop";"Ironing board Gimi Temper Drop, С переводом";"Ironing board has a special base-place for the iron. Painted steel tube (diameter 22 and 32 mm) oval in cross-section, which gives additional stability.";"<p>Ironing board has a special base-place for the iron. Painted steel tube (diameter 22 and 32 mm) oval in cross-section, which gives additional stability.</p>";"<p>Ironing board has a special base-place for the iron. Painted steel tube (diameter 22 and 32 mm) oval in cross-section, which gives additional stability.</p>
<p>&nbsp;<span style=""font-size: 13px;"">Holder for electric cable from the iron. 100% cotton board cover, lined with soft fleece. The surface of the ironing board is formed as a mesh, allowing free flowing of the iron&rsquo;s steam. Form table beveled for easy smoothing underwear in tight spaces. Ironing board easily folded, takes up little space when folded. Large working surface of the ironing board allows not only to iron shirts, men's trousers, but also bedding. The height of the ironing board can be freely adjusted. Solid and durable.</span></p>";"From birth2";wool;33mp
"Electric fireplace Dimplex Mozart";21;;700.00;2;;"Electric fireplace Dimplex Mozart";"Electric fireplace Dimplex Mozart, С переводом";"Electric fireplace with portals assembly flame effect Optiflame. Adjustable heat output of 1-2 kW. Ability to work without heating. Portal's color - white.";"<p><span>Electric fireplace with portals assembly flame effect Optiflame. Adjustable heat output of 1-2 kW. Ability to work without heating. Portal's color - white.</span></p>";"<p>Electric fireplace with portals assembly flame effect Optiflame. Adjustable heat output of 1-2 kW. Ability to work without heating. Portal's color - white.</p>";1-2;;
"Motorola MBP 35 Remote Wireless Video Baby Monitor";20;;198.00;2;;"Motorola MBP 35 Remote Wireless Video Baby Monitor";"Motorola MBP 35 Remote Wireless Video Baby Monitor, С переводом";"Digital video baby monitor with a large 3.5 inch LCD display. Night Vision mode. Sleep mode for battery saving.";"<p>Digital video baby monitor with a large 3.5 inch LCD display. Night Vision mode. Sleep mode for battery saving.</p>";"<p><span>Digital video baby monitor with a large 3.5 inch LCD display. Night Vision mode. Sleep mode for battery saving.&nbsp;</span>A large reception area with a warning. It allows you to look after your baby at a distance of 150 meters. Clear sound with the volume indicator. Digital thermometer. Highly sensitive microphone. Communication in both directions. Five lullabies. Rechargeable battery.</p>";;;
"Stroller LONEX Classic Retro";19;;432.00;2;;"Stroller LONEX Classic Retro";"Stroller LONEX Classic Retro, С переводом";"Universal stroller made of natural vine for babies under 6 month.";"<p><span style=""font-size: 13px;"">Universal stroller made of natural vine for babies under 6 month.</span></p>";"<p><span>Universal stroller made of natural vine for babies under 6 month.&nbsp;</span><span style=""font-size: 13px;"">The stroller has a removable bassinet and the stroller seat. Depreciation on 4 wheels. Wheels option: diameter 40 cm - not inflatable, diameter 36 cm - inflatable. Chrome disks. The seat unit can be installed in two directions. The backrest is adjustable in 4 positions to horizontal. There are five-point safety harness with soft lining and restrictive bumper. Adjustable footrest. The kit includes an insulated cover on foot, shopping basket, bag for mom, raincoat. Great range of colors.</span></p>";;;
"Gorenje BO87KR oven";18;;1300.00;2;;"Gorenje BO87KR oven";"Gorenje BO87KR oven, С переводом";"Built oven width 60 cm and a volume of 64 liters. Electronic sensor module with a temperature probe. MoodLite led lighting with 7 colors.";"<p>Built oven width 60 cm and a volume of 64 liters. Electronic sensor module with a temperature probe. MoodLite led lighting with 7 colors.</p>";"<p><span>Built oven width 60 cm and a volume of 64 liters. Electronic sensor module with a temperature probe. MoodLite led lighting with 7 colors.</span>&nbsp;<span style=""font-size: 13px;"">Timer. Alarm clock. 8 programmes set by the manufacturer by product type. The ability to create three own programs. Beep. Continuous glazing of the oven door. Flip top heaters. Child lock. Temperature sensor. Safety shutdown.</span></p>";;;
"Миксер Vitesse VS-240";17;;108.55;2;;"Миксер Vitesse VS-240";;;"<p>Основное</p><p>Тип: Ручной</p><p>Мощность (Вт): 300</p><p>Число скоростей: 3</p>";"<p>Основное</p><p>Тип: Ручной</p><p>Мощность (Вт): 300</p><p>Число скоростей: 3</p><p>Возможности использования</p><p>Турборежим: Нет</p><p>Импульсный режим: Да</p><p>Вращение чаши: Нет</p><p>Насадки</p><p>Количество насадок: 2</p><p>Универсальный измельчитель: Нет</p><p>Венчик для взбивания: Да</p><p>Насадка для приготовления пюре: Нет</p><p>Крюки для замешивания теста: Да</p><p>Насадка-блендер: Нет</p><p>Конструкция</p><p>Материал корпуса: Пластик</p><p>Приспособление для хранения насадок: Нет</p><p>Кнопка отсоединения насадок: Да</p><p>Прорезиненная ручка: Нет</p><p>Защитная крышка на чашу: Нет</p><p>Приспособление для намотки шнура: Да</p>";;;
"Радиотелефон DECT Siemens Gigaset SL785";16;;658.45;0;;"Радиотелефон DECT Siemens Gigaset SL785";;;"<p>Стильный и удобный телефон в металлическом корпусе.</p>";"<p>Стильный и удобный телефон в металлическом корпусе. Встроенный автоответчик с записью на 45 минут. Гарнитура с Bluetooh® и дуплексный режим hands-free. Большой цветной TFT-дисплей с инновационным интерфейсом. Технология ECO Mode Plus с режимом нулевой передачи. Адресная книга на 500 записей. Возможность обмена данными из адресной книги через Bluetooth® с мобильными телефонами. Индикация номера. Синхронизация с компьютером через Bluethooth®/USB. Возможна регистрация до 6 трубок.</p>";;;
"Микросотовый телефон DECT Panasonic KX-TCA275";15;;433.55;0;;"Микросотовый телефон DECT Panasonic KX-TCA275";;;"<p>Микросотовый телефон DECT позволяет сотрудникам перемещаться по всей территории офиса, не прекращая разговора, и обеспечивают при этом полную функциональность стационарного системного телефона.</p>";"<p>Микросотовый телефон DECT позволяет сотрудникам перемещаться по всей территории офиса, не прекращая разговора, и обеспечивают при этом полную функциональность стационарного системного телефона. Каждый микросотовый телефон DECT может быть зарегистрирован на нескольких АТС, что позволяет использовать один и тот же номер в разных офисах. Когда Вы находитесь в другом офисе, трубка автоматически регистрируется в местной DECT сети, и Вы можете принимать звонки на свой обычный внутренний номер. Цветной графический ЖК-дисплей с подсветкой и с поддержкой кириллицы. Работа с АТС Panasonic серий KX-TDA/TDE/NCP. Поддержка CTI приложений (доступность данной функции зависит от версии KX-TDA0141/0158). Поддержка функций АТС. Разъём для подключения гарнитуры. Полифонический звонок (10 мелодий). Клавиатура с подсветкой и символами кириллицы. Спикерфон. Программируемые кнопоки. Виброзвонок. Режим на совещание. Записная книжка на 200 записей. Размер: 123х45х23 мм. Вес: 115 г.</p>";;;
"Bluetooth stereo гарнитура беспроводная Jabra BT650 Halo";14;;255.45;0;;"Bluetooth stereo гарнитура беспроводная Jabra BT650 Halo";;;"<p>Основные параметры Тип крепления наушников: оголовье Вес (гр): 80</p>";"<p>Основные параметры Тип крепления наушников: оголовье Вес (гр): 80 Способ питания: собственный аккумулятор Дальность действия (макс.): 10 м Время работы в режиме ожидания до (ч): 8 Время работы в режиме разговора до (м): 480 Способ зарядки аккумулятора: от внешнего USB-порта, Сетевое зарядное устройство 220В Время зарядки: 120 мин Передача данных: Bluetooth Версия Bluetooth протокола: 2.0 Поддерживаемые профили Bluetooth: A2DP, AVRCP, EDR, Handsfree, Headset Поддержка Bluetooth стерео: ДаФункциональность Функция Multipoint: Да Функции гарнитуры: автоматическая подстройка громкости, ответ/окончание разговора, повтор последнего номера, шумоподавление, эхоподавление Индикатор разряда аккумулятора: Да Световой индикатор вызова: ДаКомплектация - Гарнитура Bluetooth стерео Jabra BT650 Halo - Чехол - Кабель USB - 3.5 мм кабель - Краткое руководство пользователя - Зарядное устройство</p>";;;
"Радиостанция JJ-Connect HE-400";13;;258.05;0;;"Радиостанция JJ-Connect HE-400";;;"<p>Радиостанция обеспечивает надежную связь на расстоянии до 12 км.</p>";"<p>Радиостанция обеспечивает надежную связь на расстоянии до 12 км. Работает на частотах 433.075 - 434.775. Яркий и информативный дисплей с подсветкой, отображает всю необходимую информацию, предусмотрен также тональный вызов, индикатор заряда батарей и регулировка громкости. В качестве дополнительной полезной функции имеется встроенный электронный компас, что пригодится в походе, в лесу, на охоте или рыбалке. Цвет - черно-серебристый.</p>";;;
"Автомобильная громкая связь Nokia CK-300";12;;463.45;0;;"Автомобильная громкая связь Nokia CK-300";;;"<p>Беспроводной автомобильный комплект для совершения вызовов и прослушивания музыки.</p>";"<p>Беспроводной автомобильный комплект для совершения вызовов и прослушивания музыки. Встроенная функция DSP. Индикатор питания на внешнем устройстве ввода. Активация голосовых команд (требует поддержки телефоном). Переадресация вызова с телефона на автомобильный комплект. Повтор последнего набранного номера. Отключение микрофона. Воспроизведение МР3-файлов из памяти мобильного устройства или совместимого музыкального плеера. Подключение к автомагнитоле для лучшего качества звука (требуется магнитола с разъемом AUX и адаптер кабеля).</p>";;;
"Мобильный телефон Porsche Design P'9521";11;;4257.50;0;;"Мобильный телефон Porsche Design P'9521";;;"<p>Корпус изготовлен из алюминия. Верхнюю крышку можно поворачивать в разные стороны.</p>";"<p>Корпус изготовлен из алюминия. Верхнюю крышку можно поворачивать в разные стороны. Сеть: GSM / EDGE (850 / 900 / 1800 / 1900 МГц). Камера: 3.2 мегапикселя, автофокус, вспышка. Дисплей: AMOLED, 2.2 дюйма, 320 х 240 точек. USB 1.1. Bluetooth 1.2, A2DP, AVRCP. Считыватель отпечатков пальцев.</p>";;;
"VoIP-телефон Linksys SPA962";10;;788.45;0;;"VoIP-телефон Linksys SPA962";;;"<p>VoIP-телефон обладает широким набором функциональных возможностей, как телефонных, так и сетевых.</p>";"<p>VoIP-телефон обладает широким набором функциональных возможностей, как телефонных, так и сетевых. Стильный дизайн и высокая функциональность аппарата делают его использование чрезвычайно эффективным в гибкой среде IP-телефонии, IP УАТС или крупных IP call-центрах. Комплектация аппарата включает в себя: поддержку 6 активных каналов, dual switched Ethernet ports, поддержку 802.3 c питанием от свитча (PoE -Power of the Ethernet, это означает, что телефон питается от сети Ethernet), цветной дисплей с высоким разрешением, динамик, и 2.5 мм разъем для гарнитуры. Каждый канал телефонного аппарата может быть настроен на работу либо с несколькими различными номерами, либо с одним, но многоканальным номером.</p>";;;
"Перфоратор AEG PN 11 E";9;;2458.95;0;;"Перфоратор AEG PN 11 E";;;"<p>Эффективен при работе массивной оснасткой. Бурение отверстий большого диаметра на большую глубину доступно только машинам этого класса.</p>";"<p>Эффективен при работе массивной оснасткой. Бурение отверстий большого диаметра на большую глубину доступно только машинам этого класса. Высокая энергия удара позволяет без труда и быстро разрушать конструкции из бетона. Анти вибрационная система AVS. Прорезиненная накладка Softgrip на рукоятках. Сила удара 27.0 Дж. Комплектуется кейсом.</p>";;;
"Высечные ножницы Bosch GNA 16 (SDS) Professional";8;;628.55;0;;"Высечные ножницы Bosch GNA 16 (SDS) Professional";;;"<p>Изящная, узкая конструкция для оптимального удобства в обращении.</p>";"<p>Изящная, узкая конструкция для оптимального удобства в обращении. Используется для внутренних вырезов. Свободная работа по разметке и шаблону. Фиксируемая матрица для прямых прорезов, замена пуансона и матрицы без инструмента (система SDS). Легкосменные режущие инструменты.</p>";;;
"Краскораспылитель Bosch PFS 105 E";7;;476.45;0;;"Краскораспылитель Bosch PFS 105 E";;;"<p>Системы тонкого распыления с электронной регулировкой расхода воздуха для обработки больших объектов.</p>";"<p>Системы тонкого распыления с электронной регулировкой расхода воздуха для обработки больших объектов. Потребляемая мощность 350 Вт. Система плавной регулировки расхода краски. Сопло для распыления краски с 3 положениями. Рукоятка с мягкой накладкой. Длина шланга: 3.4 м.</p>";;;
"Оптический нивелир Bosch GOL 20 D Professional";6;;617.50;0;;"Оптический нивелир Bosch GOL 20 D Professional";;;"<p>Оптический нивелир с точность нивелирования 3 мм на 30 м. Рабочий диапазон: до 60 м.</p>";"<p>Оптический нивелир с точность нивелирования 3 мм на 30 м. Рабочий диапазон: до 60 м. Оптимально подходит для использования вне помещений благодаря прочному корпусу с защитой от пыли и брызг IP 54. Светосильный объектив для чёткого захвата цели. Пентапризма для удобства считывания показаний сферического уровня. Коллиматор для грубого выравнивания. Вертикальное изображение. Большая кнопка фокусировки для простого выравнивания.Бесконечный микрометренный привод (измерение в гонах) с проскальзывающей муфтой.</p>";;;
"Детектор проводки Bosch PDO Multi";5;;266.50;0;;"Детектор проводки Bosch PDO Multi";;;"<p>Цифровой детектор для обнаружения и локализации проводки, металлов (включая цветные) и деревянных внутренних конструкций. Функция «Zoom».</p>";"<p>Цифровой детектор для обнаружения и локализации проводки, металлов (включая цветные) и деревянных внутренних конструкций. Функция «Zoom». Дисплей с высоким разрешением. Однозначное запрещение/разрешение сверления с помощью светодиодного индикатора. Автоматическая калибровка.</p>";;;
"Лампы АРО Голден S";4;;326.95;0;;"Лампы АРО Голден S";;;"<p>Лампы АРО Голден S. Отличное решение для создания непринужденной и уютной обстановки в Вашем доме.</p>";"<p>Лампы АРО Голден S. Отличное решение для создания непринужденной и уютной обстановки в Вашем доме. Размеры: Большой лампы (L): Высота - 143 см; Диаметр - 29 см Средней лампы (M): Высота - 115 см; Диаметр - 29 см Маленькой лампы (S): Высота - 83 см; Диаметр - 26 см Страна-производитель: Индонезия</p>";;;
"Гладильная доска Metalnova Domino Plus";3;;290.55;0;;"Гладильная доска Metalnova Domino Plus";;;"<p>Компактная, устойчивая гладильная доска с регулировкой высоты гладильной платформы до восьми положений.</p>";"<p>Компактная, устойчивая гладильная доска с регулировкой высоты гладильной платформы до восьми положений. Имеет твердую гладильную платформу из огнеупорного материала, на которую одевается влагоустойчивый и жаропрочный чехол. Ножки выполнены из хромированного металла. Рабочая поверхность: 114x36 см. Подставка для утюга. Вес:7 кг.</p>";;;
"Аппарат для пончиков Daewoo DI 8102";2;;76.05;2;;"Аппарат для пончиков Daewoo DI 8102";;;"<p>Аппарат предназначен для приготовления пончиков традиционной (кольцеобразной) формы.</p>";"<p>Аппарат предназначен для приготовления пончиков традиционной (кольцеобразной) формы. Индикатор включения и готовности. Антипригарное покрытие. Регулировка температуры.</p>";;;
"Блинница Ariete Baby 181";1;;130.00;2;;"Блинница Ariete Baby 181";;;"<p>Мощность 900 Вт. Индикатор температуры. Контейнер для теста. Готовым блинчикам можно придать форму Микки Мауса специальной формочкой.</p>";"<p>Мощность 900 Вт. Индикатор температуры. Контейнер для теста. Готовым блинчикам можно придать форму Микки Мауса специальной формочкой.</p>";;;
